"id","label"
0,"True"
1,"False"
2,"False"
3,"True"
5,"True"
7,"True"
8,"True"
9,"False"
12,"False"
14,"False"
16,"False"
17,"False"
18,"True"
20,"True"
22,"True"
23,"True"
24,"False"
27,"False"
29,"False"
31,"False"
32,"False"
33,"True"
35,"True"
36,"False"
39,"True"
43,"False"
46,"True"
49,"True"
51,"True"
53,"True"
54,"True"
55,"False"
59,"False"
63,"False"
66,"False"
69,"False"
71,"False"
73,"False"
74,"False"
75,"True"
79,"True"
82,"True"
83,"False"
85,"True"
86,"True"
90,"True"
93,"False"
96,"True"
97,"True"
98,"False"
100,"False"
101,"False"
102,"False"
104,"True"
106,"False"
107,"True"
108,"True"
111,"False"
113,"False"
115,"False"
116,"False"
117,"True"
119,"True"
121,"True"
122,"True"
123,"False"
126,"False"
128,"False"
130,"False"
131,"True"
132,"True"
134,"False"
136,"True"
137,"True"
138,"False"
141,"False"
143,"False"
145,"False"
146,"False"
147,"True"
149,"True"
151,"True"
152,"True"
153,"False"
156,"False"
158,"True"
160,"False"
161,"False"
162,"True"
166,"True"
170,"True"
173,"True"
176,"True"
178,"True"
180,"True"
181,"False"
182,"False"
187,"False"
191,"False"
195,"False"
198,"False"
201,"False"
203,"False"
205,"False"
206,"False"
207,"True"
210,"True"
212,"True"
214,"True"
215,"True"
216,"False"
219,"False"
222,"False"
226,"False"
227,"False"
228,"True"
232,"True"
236,"True"
239,"True"
242,"True"
244,"True"
246,"True"
247,"True"
248,"False"
253,"False"
257,"False"
261,"False"
264,"False"
267,"False"
269,"True"
271,"True"
272,"False"
273,"True"
276,"True"
279,"True"
281,"True"
283,"True"
284,"True"
285,"False"
289,"False"
292,"False"
295,"False"
297,"False"
299,"False"
300,"False"
301,"True"
304,"True"
307,"True"
309,"True"
311,"False"
312,"True"
313,"True"
317,"True"
320,"True"
323,"False"
325,"False"
327,"True"
328,"True"
329,"True"
332,"True"
334,"True"
336,"True"
337,"True"
338,"False"
341,"False"
344,"False"
346,"False"
348,"False"
349,"False"
350,"True"
352,"True"
354,"True"
355,"True"
356,"False"
359,"False"
361,"False"
363,"False"
364,"False"
365,"True"
367,"True"
369,"True"
370,"True"
371,"False"
374,"False"
376,"False"
378,"False"
379,"False"
380,"True"
382,"False"
384,"True"
385,"True"
386,"False"
389,"False"
391,"False"
393,"False"
394,"False"
395,"True"
396,"True"
398,"True"
399,"False"
402,"False"
404,"False"
405,"True"
407,"True"
408,"True"
410,"True"
411,"True"
412,"False"
416,"False"
417,"False"
418,"True"
421,"True"
423,"True"
425,"True"
426,"True"
427,"True"
430,"False"
433,"False"
435,"False"
437,"False"
438,"False"
439,"True"
441,"True"
443,"True"
444,"True"
445,"False"
448,"False"
450,"False"
452,"True"
453,"False"
454,"True"
455,"False"
457,"True"
459,"True"
460,"True"
463,"True"
466,"True"
469,"True"
471,"False"
473,"True"
474,"True"
475,"False"
479,"False"
482,"False"
485,"False"
487,"False"
489,"True"
490,"False"
491,"True"
493,"True"
496,"True"
497,"True"
499,"True"
500,"False"
504,"False"
506,"False"
509,"False"
510,"False"
512,"True"
513,"True"
514,"False"
516,"False"
517,"True"
518,"True"
520,"True"
522,"True"
523,"True"
524,"False"
527,"False"
529,"False"
531,"False"
532,"False"
533,"True"
535,"True"
536,"True"
537,"False"
541,"False"
542,"False"
543,"True"
545,"True"
546,"True"
547,"False"
551,"False"
552,"False"
553,"True"
556,"True"
559,"True"
561,"True"
563,"True"
564,"True"
565,"False"
569,"False"
572,"False"
575,"False"
577,"False"
579,"False"
580,"False"
581,"True"
583,"True"
584,"True"
585,"False"
589,"False"
590,"False"
591,"True"
595,"True"
599,"False"
602,"True"
605,"True"
607,"True"
609,"True"
610,"True"
611,"True"
616,"True"
620,"False"
624,"False"
627,"False"
630,"False"
632,"False"
634,"False"
635,"False"
636,"False"
637,"True"
639,"True"
641,"True"
642,"True"
643,"False"
646,"False"
648,"False"
650,"False"
651,"False"
652,"True"
654,"True"
656,"True"
657,"True"
658,"False"
661,"False"
663,"False"
665,"False"
666,"False"
667,"True"
668,"False"
669,"False"
671,"False"
672,"False"
673,"True"
675,"True"
676,"True"
679,"True"
681,"True"
682,"False"
684,"False"
685,"True"
686,"True"
687,"False"
689,"False"
690,"False"
691,"True"
693,"True"
695,"True"
696,"False"
697,"False"
700,"False"
702,"False"
704,"False"
705,"False"
706,"True"
708,"True"
710,"True"
711,"True"
712,"False"
715,"False"
717,"False"
719,"True"
720,"True"
721,"True"
723,"True"
725,"True"
726,"True"
727,"False"
730,"False"
732,"False"
734,"False"
735,"True"
736,"True"
739,"True"
742,"True"
744,"True"
746,"True"
747,"True"
748,"False"
752,"False"
755,"False"
758,"False"
760,"False"
762,"False"
763,"False"
764,"False"
766,"False"
767,"True"
768,"False"
772,"True"
773,"False"
774,"True"
776,"False"
777,"True"
778,"False"
780,"False"
782,"False"
783,"False"
784,"True"
785,"False"
786,"False"
787,"True"
789,"True"
790,"False"
792,"False"
793,"True"
797,"True"
801,"True"
804,"True"
807,"True"
809,"True"
811,"True"
812,"True"
813,"False"
818,"False"
822,"False"
826,"False"
829,"False"
832,"False"
834,"False"
836,"False"
837,"False"
838,"True"
840,"True"
842,"True"
843,"False"
844,"False"
847,"False"
849,"False"
851,"False"
852,"False"
853,"True"
855,"False"
856,"True"
857,"False"
861,"True"
862,"True"
863,"True"
865,"True"
866,"True"
867,"False"
869,"True"
871,"False"
872,"True"
873,"True"
875,"True"
877,"True"
878,"True"
879,"False"
882,"False"
884,"False"
886,"False"
887,"False"
888,"True"
890,"True"
891,"True"
892,"False"
894,"False"
896,"False"
898,"True"
899,"True"
900,"True"
902,"False"
903,"True"
904,"True"
908,"True"
912,"True"
915,"True"
918,"True"
920,"True"
922,"True"
923,"True"
924,"False"
929,"False"
933,"False"
937,"False"
940,"False"
943,"False"
945,"False"
947,"False"
948,"False"
949,"True"
951,"True"
952,"False"
955,"True"
958,"False"
961,"True"
964,"True"
967,"True"
969,"True"
971,"False"
972,"True"
973,"False"
977,"False"
980,"False"
983,"False"
985,"False"
987,"False"
988,"False"
989,"True"
992,"True"
994,"True"
995,"False"
998,"False"
999,"True"
1002,"True"
1004,"True"
1005,"True"
1006,"False"
1010,"False"
1012,"False"
1014,"False"
1017,"True"
1019,"True"
1020,"True"
1021,"False"
1025,"True"
1027,"False"
1028,"False"
1029,"True"
1030,"False"
1032,"True"
1033,"False"
1036,"False"
1037,"False"
1039,"True"
1040,"False"
1042,"True"
1043,"True"
1045,"True"
1046,"False"
1049,"False"
1050,"True"
1054,"True"
1057,"True"
1060,"True"
1062,"False"
1064,"True"
1065,"True"
1066,"False"
1070,"False"
1074,"False"
1077,"False"
1080,"False"
1082,"True"
1084,"False"
1086,"True"
1089,"True"
1091,"True"
1092,"False"
1096,"False"
1098,"True"
1100,"True"
1101,"True"
1102,"False"
1105,"False"
1107,"False"
1109,"False"
1110,"False"
1111,"True"
1112,"True"
1113,"True"
1114,"True"
1116,"True"
1117,"False"
1120,"True"
1122,"True"
1124,"True"
1125,"True"
1126,"False"
1129,"False"
1131,"False"
1133,"False"
1134,"False"
1135,"True"
1137,"True"
1139,"True"
1140,"True"
1141,"False"
1144,"False"
1146,"True"
1148,"False"
1149,"False"
1150,"True"
1153,"True"
1155,"True"
1156,"True"
1157,"False"
1163,"False"
1164,"False"
1165,"True"
1168,"True"
1170,"True"
1171,"False"
1175,"True"
1177,"False"
1178,"False"
1179,"False"
1183,"False"
1184,"False"
1185,"False"
1187,"True"
1188,"False"
1191,"True"
1193,"True"
1194,"False"
1197,"True"
1199,"True"
1200,"False"
1203,"True"
1205,"True"
1206,"True"
1207,"False"
1208,"False"
1210,"False"
1211,"False"
1212,"True"
1214,"True"
1216,"True"
1217,"True"
1218,"False"
1221,"False"
1223,"False"
1225,"False"
1226,"False"
1227,"True"
1230,"True"
1233,"True"
1235,"True"
1237,"True"
1238,"True"
1239,"False"
1243,"False"
1246,"False"
1249,"False"
1251,"False"
1253,"False"
1254,"False"
1255,"True"
1258,"True"
1260,"True"
1261,"False"
1265,"True"
1267,"True"
1269,"True"
1270,"True"
1271,"False"
1274,"False"
1276,"False"
1278,"False"
1279,"False"
1280,"True"
1282,"True"
1284,"True"
1285,"True"
1286,"False"
1289,"False"
1291,"False"
1293,"False"
1294,"False"
1295,"True"
1299,"True"
1303,"True"
1306,"True"
1309,"True"
1311,"True"
1313,"True"
1314,"True"
1315,"True"
1320,"False"
1324,"False"
1328,"False"
1331,"False"
1334,"False"
1336,"False"
1338,"False"
1339,"False"
1340,"True"
1342,"True"
1344,"True"
1345,"True"
1346,"False"
1349,"False"
1351,"False"
1353,"False"
1354,"False"
1355,"True"
1358,"False"
1361,"True"
1363,"True"
1365,"True"
1366,"True"
1367,"True"
1371,"False"
1374,"False"
1377,"False"
1379,"False"
1381,"False"
1382,"False"
1383,"True"
1385,"True"
1387,"True"
1388,"True"
1389,"False"
1392,"False"
1394,"False"
1396,"False"
1397,"False"
1398,"True"
1402,"True"
1405,"True"
1408,"True"
1410,"True"
1412,"True"
1413,"True"
1414,"False"
1418,"False"
1422,"False"
1425,"False"
1428,"True"
1430,"False"
1432,"False"
1434,"True"
1438,"True"
1441,"True"
1444,"True"
1446,"True"
1448,"True"
1449,"False"
1450,"False"
1458,"False"
1461,"False"
1464,"False"
1466,"False"
1468,"False"
1469,"False"
1470,"True"
1473,"True"
1476,"True"
1478,"True"
1480,"False"
1481,"True"
1482,"False"
1486,"False"
1489,"False"
1492,"False"
1494,"False"
1496,"False"
1497,"False"
1498,"True"
1500,"True"
1502,"True"
1503,"True"
1504,"False"
1507,"False"
1509,"False"
1511,"False"
1512,"False"
1513,"False"
1515,"True"
1516,"False"
1520,"True"
1523,"True"
1526,"True"
1528,"True"
1530,"True"
1531,"True"
1532,"False"
1536,"False"
1539,"False"
1542,"False"
1544,"False"
1546,"False"
1547,"False"
1548,"True"
1551,"True"
1554,"True"
1556,"True"
1558,"True"
1559,"True"
1560,"True"
1564,"True"
1567,"False"
1570,"False"
1572,"False"
1574,"False"
1575,"False"
1576,"True"
1578,"True"
1581,"True"
1583,"True"
1584,"True"
1585,"False"
1589,"False"
1593,"False"
1595,"False"
1596,"False"
1597,"False"
1599,"True"
1602,"True"
1604,"True"
1605,"True"
1606,"False"
1610,"False"
1614,"False"
1616,"False"
1617,"False"
1618,"True"
1622,"True"
1626,"True"
1629,"True"
1632,"True"
1634,"True"
1636,"True"
1637,"True"
1638,"False"
1643,"False"
1647,"False"
1651,"False"
1654,"False"
1657,"False"
1659,"False"
1661,"False"
1662,"False"
1663,"True"
1665,"True"
1667,"True"
1668,"True"
1669,"False"
1672,"False"
1674,"True"
1676,"False"
1677,"True"
1678,"True"
1679,"True"
1680,"False"
1682,"False"
1683,"False"
1684,"True"
1687,"True"
1690,"True"
1692,"True"
1694,"True"
1695,"True"
1696,"False"
1700,"False"
1703,"False"
1706,"False"
1708,"False"
1710,"False"
1711,"False"
1712,"True"
1715,"True"
1718,"True"
1720,"True"
1722,"True"
1723,"True"
1724,"False"
1728,"False"
1731,"False"
1734,"False"
1736,"False"
1738,"False"
1739,"False"
1740,"True"
1742,"False"
1745,"True"
1746,"True"
1749,"False"
1753,"True"
1755,"False"
1758,"True"
1761,"True"
1763,"True"
1766,"True"
1767,"True"
1769,"True"
1770,"False"
1774,"False"
1776,"False"
1779,"False"
1781,"True"
1782,"True"
1785,"True"
1788,"True"
1790,"True"
1792,"True"
1793,"False"
1794,"True"
1798,"False"
1801,"False"
1804,"False"
1806,"False"
1808,"False"
1809,"False"
1810,"True"
1813,"True"
1816,"True"
1818,"False"
1820,"False"
1821,"True"
1822,"False"
1826,"False"
1829,"False"
1832,"False"
1834,"False"
1836,"False"
1837,"False"
1838,"True"
1841,"True"
1842,"True"
1844,"False"
1845,"False"
1847,"False"
1850,"False"
1853,"True"
1856,"True"
1859,"True"
1861,"True"
1863,"True"
1864,"True"
1865,"False"
1869,"False"
1872,"False"
1875,"False"
1877,"False"
1879,"False"
1880,"False"
1881,"True"
1882,"True"
1884,"True"
1885,"False"
1888,"False"
1890,"False"
1891,"True"
1893,"True"
1896,"True"
1898,"True"
1899,"True"
1900,"True"
1904,"False"
1908,"False"
1910,"False"
1911,"False"
1912,"True"
1913,"True"
1915,"True"
1917,"True"
1918,"True"
1919,"False"
1922,"False"
1924,"False"
1926,"False"
1927,"False"
1928,"True"
1930,"True"
1932,"True"
1933,"True"
1934,"False"
1937,"False"
1939,"False"
1941,"False"
1942,"False"
1943,"True"
1945,"True"
1947,"True"
1948,"True"
1949,"False"
1952,"False"
1954,"False"
1956,"False"
1957,"False"
1958,"True"
1960,"True"
1962,"False"
1963,"True"
1964,"False"
1967,"False"
1969,"False"
1971,"False"
1972,"False"
1973,"True"
1975,"True"
1977,"True"
1978,"True"
1979,"False"
1982,"False"
1984,"False"
1986,"False"
1987,"False"
1988,"False"
1991,"True"
1994,"True"
1996,"True"
1998,"True"
1999,"False"
2000,"False"
2004,"False"
2007,"False"
2010,"False"
2012,"False"
2014,"False"
2015,"False"
2016,"True"
2019,"True"
2022,"True"
2024,"True"
2026,"True"
2027,"False"
2028,"False"
2032,"False"
2035,"False"
2038,"True"
2040,"True"
2042,"False"
2043,"False"
2044,"True"
2048,"True"
2052,"True"
2055,"True"
2058,"False"
2060,"True"
2062,"True"
2063,"True"
2064,"False"
2069,"False"
2073,"False"
2077,"False"
2080,"False"
2083,"False"
2085,"False"
2087,"False"
2088,"False"
2089,"False"
2090,"False"
2093,"True"
2095,"True"
2097,"True"
2099,"False"
2105,"True"
2107,"False"
2109,"False"
2111,"True"
2114,"True"
2117,"True"
2119,"True"
2121,"True"
2122,"True"
2123,"False"
2127,"False"
2130,"False"
2133,"False"
2135,"False"
2137,"False"
2138,"False"
2139,"True"
2142,"False"
2145,"True"
2147,"True"
2149,"False"
2151,"False"
2155,"False"
2158,"True"
2161,"False"
2163,"False"
2165,"False"
2167,"True"
2169,"True"
2171,"True"
2172,"True"
2173,"False"
2176,"False"
2178,"False"
2180,"False"
2181,"False"
2182,"True"
2254,"True"
2325,"True"
2395,"True"
2464,"True"
2491,"True"
2559,"True"
2585,"True"
2652,"True"
2718,"True"
2783,"True"
2847,"True"
2872,"True"
2896,"True"
2959,"True"
3021,"True"
3082,"True"
3142,"True"
3201,"True"
3224,"True"
3246,"True"
3267,"True"
3325,"True"
3382,"True"
3438,"True"
3493,"True"
3547,"True"
3567,"True"
3620,"True"
3672,"True"
3723,"True"
3773,"True"
3822,"True"
3870,"True"
3889,"True"
3936,"True"
3982,"True"
4027,"True"
4071,"True"
4114,"True"
4156,"True"
4174,"True"
4191,"True"
4232,"True"
4272,"True"
4311,"True"
4349,"True"
4365,"True"
4402,"True"
4417,"True"
4453,"True"
4488,"True"
4522,"True"
4555,"True"
4569,"True"
4601,"True"
4632,"True"
4662,"True"
4691,"True"
4719,"True"
4746,"True"
4772,"True"
4797,"True"
4821,"True"
4844,"True"
4866,"True"
4887,"True"
4900,"True"
4912,"True"
4932,"True"
4951,"True"
4969,"True"
4980,"True"
4990,"True"
5007,"True"
5023,"True"
5038,"True"
5052,"False"
5061,"True"
5074,"True"
5086,"True"
5097,"True"
5107,"True"
5116,"True"
5124,"True"
5131,"True"
5137,"True"
5142,"True"
5150,"True"
5157,"True"
5163,"True"
5168,"True"
5172,"True"
5175,"True"
5184,"True"
5186,"True"
5187,"True"
5188,"False"
5300,"False"
5369,"False"
5396,"False"
5464,"False"
5568,"False"
5696,"False"
5816,"False"
5993,"False"
6098,"False"
6152,"False"
6272,"False"
6320,"False"
6434,"False"
6518,"False"
6586,"False"
6624,"False"
6640,"False"
6677,"False"
6737,"False"
6770,"False"
6938,"False"
6980,"False"
7016,"False"
7052,"False"
7092,"True"
7106,"False"
7151,"False"
7187,"False"
7207,"False"
7222,"False"
7230,"False"
7231,"False"
7232,"False"
7234,"True"
7236,"True"
7237,"True"
7238,"False"
7241,"True"
7243,"False"
7245,"False"
7246,"True"
7247,"True"
7250,"True"
7253,"True"
7255,"True"
7257,"True"
7258,"True"
7259,"False"
7263,"False"
7266,"False"
7269,"False"
7271,"False"
7273,"False"
7274,"False"
7275,"True"
7277,"True"
7279,"True"
7280,"True"
7281,"False"
7284,"False"
7286,"False"
7288,"False"
7289,"False"
7290,"True"
7293,"True"
7296,"False"
7298,"True"
7300,"True"
7301,"True"
7302,"False"
7306,"False"
7309,"False"
7312,"False"
7314,"False"
7316,"False"
7317,"False"
7318,"True"
7321,"True"
7323,"True"
7324,"False"
7328,"True"
7330,"True"
7332,"True"
7333,"True"
7334,"False"
7337,"False"
7339,"False"
7341,"False"
7342,"False"
7343,"True"
7344,"True"
7345,"False"
7347,"True"
7348,"True"
7349,"True"
7353,"True"
7356,"True"
7359,"True"
7361,"True"
7363,"True"
7364,"True"
7365,"False"
7369,"False"
7373,"False"
7379,"False"
7381,"False"
7383,"False"
7384,"False"
7385,"True"
7387,"False"
7388,"False"
7390,"False"
7391,"True"
7393,"True"
7395,"True"
7396,"True"
7397,"False"
7400,"False"
7402,"False"
7404,"False"
7405,"False"
7406,"True"
7407,"False"
7408,"False"
7410,"False"
7412,"True"
7413,"False"
7414,"False"
7415,"True"
7418,"True"
7422,"True"
7424,"True"
7427,"True"
7429,"True"
7430,"True"
7431,"False"
7436,"False"
7439,"False"
7443,"False"
7447,"False"
7449,"False"
7450,"False"
7451,"True"
7453,"True"
7455,"True"
7456,"True"
7457,"False"
7460,"False"
7462,"False"
7464,"True"
7465,"True"
7466,"True"
7468,"True"
7469,"False"
7470,"False"
7472,"False"
7474,"False"
7475,"True"
7476,"True"
7480,"True"
7483,"False"
7486,"True"
7488,"True"
7490,"True"
7491,"True"
7492,"False"
7500,"False"
7503,"True"
7506,"False"
7508,"False"
7510,"False"
7511,"False"
7512,"True"
7516,"True"
7520,"True"
7523,"True"
7526,"True"
7528,"True"
7530,"True"
7531,"True"
7532,"False"
7537,"False"
7541,"False"
7545,"False"
7548,"False"
7551,"False"
7553,"False"
7555,"False"
7556,"True"
7557,"True"
7559,"False"
7561,"True"
7562,"True"
7563,"True"
7566,"True"
7568,"False"
7570,"False"
7571,"False"
7572,"True"
7575,"True"
7578,"True"
7580,"True"
7582,"True"
7583,"True"
7584,"False"
7588,"False"
7591,"False"
7594,"False"
7596,"False"
7598,"False"
7599,"False"
7600,"True"
7603,"True"
7606,"True"
7608,"True"
7610,"True"
7611,"True"
7612,"False"
7616,"False"
7619,"False"
7622,"False"
7624,"False"
7626,"False"
7627,"False"
7628,"True"
7632,"True"
7636,"True"
7639,"True"
7642,"True"
7644,"True"
7646,"True"
7647,"True"
7648,"False"
7653,"False"
7657,"False"
7661,"False"
7664,"True"
7667,"False"
7669,"False"
7671,"False"
7672,"False"
7673,"True"
7674,"False"
7676,"True"
7678,"False"
7679,"False"
7682,"True"
7686,"True"
7690,"True"
7693,"True"
7696,"True"
7698,"True"
7700,"True"
7701,"True"
7702,"False"
7707,"False"
7711,"False"
7715,"False"
7718,"False"
7721,"False"
7723,"False"
7725,"False"
7726,"False"
7727,"True"
7729,"True"
7731,"True"
7732,"True"
7733,"False"
7736,"False"
7738,"False"
7740,"False"
7741,"False"
7742,"True"
7745,"True"
7748,"True"
7751,"False"
7753,"True"
7755,"True"
7756,"True"
7757,"False"
7761,"True"
7764,"False"
7767,"True"
7769,"False"
7771,"False"
7772,"False"
7773,"True"
7774,"False"
7776,"True"
7778,"True"
7779,"False"
7781,"False"
7782,"False"
7783,"False"
7784,"True"
7785,"False"
7787,"False"
7789,"True"
7791,"True"
7792,"True"
7793,"False"
7797,"False"
7798,"False"
7799,"True"
7801,"True"
7802,"False"
7810,"False"
7811,"True"
7812,"False"
7814,"True"
7816,"True"
7817,"True"
7818,"False"
7820,"False"
7822,"True"
7824,"True"
7826,"True"
7827,"True"
7828,"False"
7830,"False"
7832,"False"
7834,"False"
7835,"True"
7837,"True"
7839,"True"
7840,"True"
7841,"False"
7844,"False"
7846,"False"
7848,"False"
7849,"False"
7850,"True"
7854,"True"
7858,"True"
7861,"True"
7864,"True"
7866,"True"
7868,"True"
7869,"True"
7870,"False"
7875,"False"
7879,"False"
7883,"False"
7886,"False"
7889,"False"
7891,"False"
7893,"False"
7894,"False"
7895,"True"
7899,"True"
7902,"True"
7905,"True"
7907,"True"
7909,"True"
7910,"True"
7911,"True"
7915,"False"
7919,"False"
7922,"False"
7925,"False"
7929,"True"
7930,"False"
7931,"True"
7933,"True"
7934,"False"
7937,"True"
7938,"True"
7939,"True"
7941,"False"
7942,"False"
7943,"True"
7944,"False"
7945,"True"
7946,"True"
7948,"True"
7950,"True"
7951,"True"
7952,"False"
7955,"False"
7957,"False"
7959,"False"
7960,"False"
7961,"True"
7965,"True"
7969,"True"
7972,"True"
7975,"True"
7977,"True"
7979,"True"
7980,"True"
7981,"False"
7986,"False"
7990,"False"
7994,"False"
7997,"False"
8000,"False"
8002,"False"
8004,"False"
8005,"False"
8006,"True"
8008,"True"
8009,"True"
8010,"False"
8014,"False"
8015,"False"
8016,"True"
8017,"True"
8019,"True"
8020,"False"
8023,"False"
8025,"False"
8026,"True"
8028,"True"
8030,"True"
8031,"True"
8032,"False"
8035,"False"
8037,"False"
8039,"False"
8040,"False"
8041,"True"
8043,"True"
8044,"True"
8045,"True"
8049,"False"
8050,"False"
8051,"True"
8055,"True"
8057,"True"
8060,"True"
8061,"True"
8063,"True"
8064,"False"
8067,"False"
8071,"False"
8073,"False"
8076,"False"
8077,"False"
8079,"True"
8082,"True"
8084,"True"
8086,"True"
8087,"True"
8088,"False"
8091,"False"
8094,"True"
8096,"False"
8098,"True"
8099,"True"
8100,"True"
8104,"True"
8108,"True"
8111,"True"
8114,"True"
8116,"True"
8118,"True"
8119,"True"
8120,"False"
8125,"False"
8129,"False"
8133,"False"
8136,"False"
8139,"False"
8141,"False"
8143,"False"
8144,"False"
8145,"True"
8147,"True"
8149,"True"
8150,"True"
8151,"False"
8154,"False"
8156,"False"
8158,"False"
8159,"False"
8160,"True"
8162,"True"
8164,"True"
8165,"False"
8166,"False"
8169,"False"
8171,"False"
8173,"False"
8174,"False"
8175,"True"
8177,"True"
8178,"True"
8179,"False"
8181,"False"
8183,"False"
8185,"True"
8187,"True"
8188,"True"
8189,"False"
8191,"False"
8193,"True"
8194,"False"
8195,"True"
8198,"True"
8200,"True"
8202,"True"
8203,"True"
8204,"False"
8210,"False"
8212,"False"
8214,"False"
8215,"False"
8216,"True"
8220,"True"
8224,"True"
8227,"True"
8230,"True"
8232,"False"
8234,"True"
8235,"False"
8236,"False"
8241,"False"
8245,"True"
8249,"False"
8252,"False"
8255,"False"
8257,"False"
8259,"True"
8260,"False"
8261,"True"
8264,"True"
8267,"True"
8269,"True"
8271,"True"
8272,"True"
8273,"False"
8277,"False"
8280,"False"
8283,"False"
8285,"False"
8287,"False"
8288,"False"
8289,"True"
8292,"True"
8295,"True"
8297,"True"
8299,"True"
8300,"True"
8301,"False"
8305,"False"
8308,"False"
8311,"False"
8313,"False"
8315,"False"
8316,"False"
8317,"True"
8320,"True"
8322,"True"
8324,"True"
8325,"True"
8326,"False"
8332,"False"
8334,"False"
8336,"False"
8337,"True"
8338,"True"
8339,"True"
8341,"True"
8342,"False"
8345,"False"
8346,"True"
8348,"True"
8352,"True"
8356,"True"
8359,"True"
8362,"True"
8364,"True"
8366,"True"
8367,"True"
8368,"False"
8373,"False"
8377,"False"
8381,"False"
8384,"False"
8387,"False"
8389,"False"
8391,"False"
8392,"False"
8393,"True"
8396,"True"
8398,"True"
8399,"False"
8401,"False"
8403,"True"
8405,"False"
8407,"True"
8408,"True"
8409,"False"
8412,"False"
8414,"False"
8416,"False"
8417,"True"
8418,"False"
8419,"True"
8421,"True"
8422,"True"
8423,"False"
8427,"False"
8428,"False"
8429,"True"
8430,"True"
8433,"True"
8435,"True"
8436,"False"
8440,"False"
8442,"False"
8444,"True"
8446,"False"
8447,"False"
8448,"False"
8450,"True"
8453,"True"
8456,"True"
8458,"True"
8460,"True"
8461,"True"
8462,"True"
8466,"False"
8469,"False"
8472,"False"
8474,"False"
8476,"False"
8477,"False"
8478,"True"
8480,"True"
8482,"True"
8483,"True"
8484,"False"
8487,"False"
8489,"False"
8491,"False"
8492,"False"
8493,"True"
8495,"False"
8497,"True"
8498,"True"
8499,"False"
8502,"False"
8504,"False"
8506,"False"
8507,"True"
8508,"True"
8511,"True"
8514,"True"
8516,"True"
8518,"True"
8519,"True"
8520,"False"
8524,"False"
8527,"False"
8530,"False"
8532,"False"
8534,"False"
8535,"False"
8536,"True"
8538,"True"
8539,"True"
8540,"False"
8542,"False"
8544,"False"
8545,"False"
8546,"True"
8548,"True"
8549,"True"
8550,"False"
8552,"False"
8554,"False"
8555,"False"
8556,"True"
8560,"True"
8564,"True"
8567,"True"
8570,"True"
8572,"False"
8574,"True"
8575,"True"
8576,"False"
8581,"False"
8585,"False"
8589,"False"
8592,"False"
8595,"False"
8597,"False"
8599,"False"
8600,"False"
8601,"True"
8603,"True"
8606,"True"
8607,"True"
8609,"True"
8610,"False"
8614,"False"
8616,"False"
8619,"False"
8620,"False"
8622,"True"
8623,"True"
8624,"False"
8626,"False"
8627,"False"
8628,"True"
8630,"True"
8633,"True"
8634,"True"
8636,"True"
8637,"False"
8641,"False"
8643,"False"
8646,"False"
8647,"False"
8649,"True"
8652,"False"
8655,"True"
8657,"True"
8659,"True"
8660,"True"
8661,"False"
8665,"False"
8668,"False"
8671,"False"
8673,"False"
8675,"False"
8676,"False"
8677,"False"
8680,"True"
8682,"False"
8684,"False"
8685,"True"
8686,"False"
8689,"False"
8692,"False"
8696,"False"
8697,"False"
8698,"False"
8700,"True"
8702,"True"
8703,"True"
8704,"False"
8707,"False"
8709,"False"
8711,"False"
8712,"False"
8713,"True"
8716,"True"
8717,"True"
8719,"True"
8720,"False"
8722,"False"
8725,"False"
8726,"True"
8728,"True"
8731,"False"
8732,"True"
8734,"True"
8735,"False"
8737,"False"
8740,"False"
8741,"False"
8743,"False"
8744,"True"
8745,"True"
8746,"True"
8748,"False"
8749,"True"
8750,"True"
8752,"False"
8753,"False"
8755,"False"
8756,"True"
8758,"True"
8759,"False"
8762,"True"
8765,"True"
8767,"True"
8768,"False"
8772,"True"
8774,"True"
8775,"True"
8776,"False"
8780,"True"
8781,"True"
8782,"True"
8786,"True"
8789,"True"
8792,"True"
8794,"True"
8796,"True"
8797,"True"
8798,"True"
8806,"False"
8809,"False"
8812,"False"
8814,"False"
8816,"False"
8817,"False"
8818,"True"
8821,"True"
8824,"True"
8826,"True"
8828,"True"
8829,"True"
8830,"False"
8834,"False"
8837,"False"
8840,"False"
8842,"False"
8844,"True"
8845,"False"
8846,"True"
8847,"False"
8848,"True"
8850,"False"
8851,"False"
8852,"True"
8855,"True"
8859,"False"
8861,"True"
8864,"True"
8865,"True"
8867,"True"
8868,"False"
8873,"False"
8876,"False"
8880,"False"
8882,"False"
8885,"False"
8886,"False"
8889,"True"
8892,"True"
8894,"True"
8896,"True"
8897,"True"
8898,"False"
8901,"False"
8904,"False"
8906,"False"
8908,"True"
8910,"True"
8913,"True"
8915,"True"
8917,"False"
8918,"True"
8919,"False"
8925,"False"
8927,"False"
8929,"False"
8930,"False"
8931,"True"
8933,"True"
8934,"True"
8935,"False"
8939,"False"
8940,"False"
8941,"True"
8943,"True"
8944,"False"
8947,"True"
8949,"True"
8951,"True"
8952,"False"
8953,"False"
8956,"False"
8958,"False"
8960,"False"
8961,"False"
8962,"True"
8965,"True"
8967,"True"
8969,"False"
8970,"True"
8971,"True"
8974,"True"
8977,"False"
8979,"False"
8981,"False"
8983,"True"
8986,"True"
8988,"True"
8990,"True"
8991,"True"
8992,"False"
8995,"False"
8998,"False"
9002,"False"
9003,"False"
9004,"True"
9005,"True"
9006,"False"
9008,"False"
9010,"True"
9013,"True"
9016,"True"
9018,"True"
9020,"True"
9021,"True"
9022,"False"
9026,"False"
9029,"False"
9032,"False"
9034,"False"
9036,"False"
9037,"False"
9038,"True"
9039,"True"
9040,"False"
9042,"False"
9043,"False"
9044,"True"
9048,"False"
9052,"False"
9055,"True"
9058,"True"
9060,"True"
9062,"True"
9063,"True"
9064,"False"
9069,"False"
9073,"True"
9077,"False"
9080,"True"
9083,"False"
9085,"False"
9087,"True"
9088,"True"
9089,"False"
9090,"True"
9094,"True"
9097,"True"
9100,"True"
9102,"True"
9104,"True"
9105,"True"
9106,"False"
9110,"False"
9114,"False"
9117,"False"
9120,"False"
9122,"True"
9124,"False"
9125,"False"
9126,"True"
9129,"True"
9132,"True"
9134,"False"
9136,"True"
9137,"False"
9138,"False"
9142,"False"
9145,"False"
9148,"False"
9150,"False"
9152,"False"
9153,"True"
9154,"True"
9157,"True"
9159,"True"
9161,"True"
9162,"True"
9163,"False"
9166,"False"
9169,"True"
9171,"False"
9173,"False"
9174,"False"
9175,"True"
9177,"True"
9179,"True"
9180,"True"
9181,"False"
9184,"False"
9186,"False"
9188,"False"
9189,"False"
9190,"True"
9193,"False"
9195,"True"
9196,"True"
9197,"True"
9203,"True"
9204,"False"
9205,"False"
9206,"True"
9208,"True"
9210,"True"
9211,"True"
9212,"False"
9215,"False"
9217,"False"
9219,"False"
9220,"False"
9221,"False"
9222,"True"
9223,"False"
9225,"False"
9226,"False"
9227,"True"
9229,"True"
9230,"True"
9231,"False"
9235,"False"
9236,"False"
9237,"True"
9239,"True"
9240,"False"
9242,"False"
9243,"True"
9244,"True"
9245,"False"
9247,"False"
9248,"False"
9249,"True"
9252,"True"
9254,"True"
9256,"True"
9257,"True"
9258,"False"
9264,"False"
9266,"False"
9268,"False"
9269,"False"
9270,"True"
9272,"True"
9274,"True"
9275,"True"
9276,"False"
9279,"False"
9281,"False"
9283,"False"
9284,"False"
9285,"True"
9289,"True"
9293,"True"
9296,"True"
9299,"True"
9301,"True"
9303,"True"
9304,"True"
9305,"False"
9310,"False"
9314,"False"
9318,"False"
9321,"False"
9324,"False"
9326,"False"
9328,"False"
9329,"False"
9330,"False"
9331,"False"
9332,"False"
9333,"True"
9335,"True"
9336,"True"
9337,"True"
9341,"True"
9342,"False"
9343,"True"
9344,"True"
9345,"False"
9347,"False"
9348,"False"
9349,"True"
9351,"True"
9353,"True"
9354,"True"
9355,"False"
9358,"False"
9360,"False"
9362,"False"
9363,"False"
9364,"True"
9366,"True"
9367,"True"
9368,"False"
9372,"False"
9373,"False"
9374,"True"
9376,"True"
9378,"True"
9379,"True"
9380,"False"
9383,"False"
9385,"False"
9387,"False"
9388,"False"
9389,"False"
9390,"True"
9391,"False"
9393,"False"
9394,"False"
9395,"True"
9397,"True"
9399,"True"
9400,"False"
9401,"False"
9404,"False"
9406,"False"
9408,"False"
9409,"False"
9410,"False"
9412,"True"
9414,"True"
9415,"True"
9416,"False"
9419,"True"
9421,"False"
9423,"False"
9424,"True"
9425,"True"
9427,"True"
9429,"True"
9431,"True"
9434,"False"
9436,"False"
9438,"False"
9440,"True"
9441,"False"
9442,"False"
9443,"True"
9447,"True"
9451,"True"
9454,"True"
9457,"True"
9459,"True"
9461,"False"
9462,"True"
9463,"False"
9468,"False"
9472,"False"
9476,"True"
9479,"False"
9482,"False"
9484,"False"
9486,"False"
9487,"False"
9492,"True"
9499,"True"
9502,"True"
9504,"True"
9506,"True"
9507,"True"
9508,"True"
9521,"False"
9524,"False"
9527,"False"
9529,"False"
9531,"False"
9532,"False"
9533,"True"
9536,"True"
9538,"True"
9539,"False"
9542,"False"
9543,"True"
9547,"True"
9550,"True"
9552,"True"
9554,"True"
9555,"True"
9556,"False"
9565,"False"
9567,"False"
9569,"False"
9570,"False"
9571,"True"
9573,"True"
9575,"True"
9576,"False"
9577,"False"
9580,"True"
9582,"True"
9584,"False"
9585,"False"
9586,"True"
9587,"False"
9589,"True"
9591,"True"
9593,"True"
9594,"True"
9595,"False"
9598,"False"
9600,"False"
9602,"False"
9603,"False"
9604,"True"
9606,"True"
9608,"True"
9609,"True"
9610,"False"
9613,"False"
9615,"False"
9617,"False"
9618,"False"
9619,"True"
9620,"False"
9621,"False"
9622,"True"
9624,"True"
9625,"False"
9627,"False"
9628,"True"
9631,"True"
9633,"True"
9634,"False"
9637,"False"
9638,"True"
9641,"True"
9643,"True"
9644,"True"
9645,"False"
9651,"False"
9652,"False"
9653,"True"
9656,"True"
9658,"False"
9659,"False"
9662,"False"
9663,"True"
9665,"True"
9666,"False"
9667,"False"
9669,"False"
9671,"False"
9672,"True"
9673,"True"
9676,"True"
9679,"False"
9681,"True"
9683,"True"
9684,"True"
9685,"False"
9689,"False"
9692,"False"
9695,"False"
9697,"False"
9699,"False"
9700,"False"
9703,"True"
9706,"True"
9709,"True"
9711,"True"
9713,"True"
9714,"True"
9715,"False"
9719,"False"
9722,"False"
9725,"False"
9727,"False"
9729,"True"
9730,"False"
9731,"True"
9734,"True"
9735,"False"
9741,"True"
9743,"True"
9745,"True"
9746,"False"
9747,"True"
9750,"False"
9752,"False"
9754,"False"
9755,"True"
9756,"True"
9757,"False"
9758,"True"
9760,"True"
9762,"True"
9763,"True"
9764,"False"
9767,"True"
9769,"True"
9771,"True"
9772,"False"
9773,"True"
9777,"True"
9780,"True"
9783,"True"
9785,"True"
9787,"True"
9788,"True"
9789,"False"
9793,"False"
9797,"False"
9803,"True"
9805,"False"
9807,"False"
9808,"False"
9809,"True"
9811,"True"
9813,"True"
9814,"True"
9815,"False"
9818,"False"
9820,"False"
9822,"False"
9823,"False"
9824,"True"
9825,"True"
9826,"True"
9829,"True"
9831,"True"
9832,"False"
9836,"False"
9839,"False"
9840,"False"
9841,"True"
9844,"True"
9846,"True"
9848,"True"
9849,"True"
9850,"False"
9856,"False"
9858,"True"
9860,"False"
9861,"True"
9862,"True"
9863,"True"
9864,"False"
9866,"False"
9868,"True"
9871,"True"
9872,"True"
9874,"True"
9875,"False"
9877,"False"
9880,"False"
9881,"False"
9883,"True"
9885,"True"
9888,"True"
9890,"True"
9891,"True"
9892,"False"
9896,"False"
9900,"False"
9902,"False"
9903,"False"
9904,"False"
9905,"True"
9906,"True"
9907,"False"
9909,"False"
9910,"False"
9911,"True"
9913,"True"
9915,"True"
9916,"True"
9917,"True"
9920,"False"
9922,"False"
9924,"False"
9925,"False"
9926,"True"
9928,"True"
9929,"True"
9932,"True"
9935,"True"
9937,"True"
9939,"True"
9940,"True"
9941,"False"
9947,"False"
9949,"False"
9951,"False"
9952,"False"
9953,"True"
9955,"True"
9957,"True"
9958,"True"
9959,"False"
9962,"False"
9964,"False"
9966,"False"
9967,"False"
9968,"True"
9969,"True"
9971,"True"
9972,"False"
9974,"True"
9977,"True"
9979,"True"
9981,"True"
9982,"True"
9983,"False"
9986,"False"
9989,"False"
9991,"False"
9993,"False"
9994,"False"
9995,"True"
9997,"True"
10001,"True"
10004,"True"
10006,"True"
10007,"True"
10008,"False"
10013,"False"
10019,"False"
10021,"False"
10022,"False"
10023,"True"
10025,"True"
10027,"True"
10028,"True"
10029,"False"
10032,"False"
10034,"False"
10036,"False"
10037,"False"
10038,"True"
10040,"True"
10041,"False"
10042,"False"
10046,"True"
10047,"False"
10048,"False"
10051,"True"
10054,"True"
10056,"True"
10058,"True"
10059,"True"
10060,"False"
10064,"True"
10067,"False"
10070,"False"
10072,"False"
10074,"False"
10075,"False"
10076,"True"
10078,"True"
10081,"True"
10082,"False"
10084,"True"
10085,"False"
10089,"True"
10091,"False"
10094,"False"
10096,"True"
10097,"True"
10101,"True"
10105,"True"
10108,"True"
10111,"True"
10113,"True"
10115,"True"
10116,"True"
10117,"False"
10122,"False"
10126,"False"
10130,"False"
10133,"False"
10136,"False"
10138,"False"
10140,"False"
10141,"False"
10142,"True"
10144,"True"
10146,"True"
10147,"True"
10148,"False"
10151,"False"
10153,"False"
10155,"False"
10156,"False"
10157,"True"
10159,"True"
10160,"True"
10161,"False"
10165,"False"
10166,"False"
10167,"True"
10169,"True"
10172,"True"
10173,"True"
10175,"True"
10176,"False"
10180,"True"
10182,"True"
10185,"False"
10187,"False"
10188,"True"
10192,"True"
10195,"True"
10198,"True"
10200,"True"
10202,"True"
10203,"True"
10204,"False"
10208,"False"
10212,"False"
10218,"False"
10220,"False"
10222,"False"
10223,"False"
10224,"True"
10225,"True"
10226,"False"
10228,"False"
10229,"False"
10230,"True"
10232,"True"
10234,"True"
10235,"True"
10236,"False"
10239,"False"
10241,"False"
10243,"False"
10244,"False"
10245,"True"
10247,"False"
10248,"False"
10251,"False"
10252,"True"
10256,"True"
10260,"True"
10263,"True"
10266,"True"
10268,"True"
10270,"True"
10271,"True"
10272,"False"
10277,"False"
10281,"False"
10285,"False"
10288,"False"
10291,"False"
10293,"False"
10295,"False"
10296,"False"
10297,"True"
10298,"True"
10299,"False"
10301,"True"
10302,"False"
10303,"True"
10305,"True"
10307,"True"
10308,"True"
10309,"False"
10312,"False"
10314,"False"
10316,"False"
10317,"False"
10318,"True"
10320,"True"
10322,"True"
10323,"True"
10324,"False"
10327,"False"
10329,"False"
10331,"False"
10332,"False"
10333,"True"
10336,"True"
10338,"True"
10340,"True"
10341,"True"
10342,"False"
10348,"True"
10350,"False"
10352,"False"
10353,"False"
10354,"True"
10358,"True"
10361,"True"
10364,"False"
10366,"True"
10368,"True"
10369,"False"
10370,"False"
10378,"False"
10381,"False"
10384,"False"
10386,"True"
10388,"False"
10389,"True"
10390,"True"
10393,"True"
10395,"True"
10396,"False"
10399,"False"
10400,"True"
10402,"True"
10404,"True"
10405,"True"
10406,"True"
10409,"True"
10411,"True"
10413,"False"
10414,"False"
10415,"True"
10417,"True"
10420,"True"
10421,"True"
10423,"True"
10424,"False"
10428,"False"
10430,"False"
10433,"False"
10434,"False"
10436,"True"
10437,"False"
10438,"False"
10439,"False"
10443,"True"
10446,"True"
10449,"True"
10451,"True"
10453,"True"
10454,"True"
10455,"False"
10459,"True"
10463,"True"
10469,"True"
10471,"False"
10473,"True"
10474,"False"
10475,"True"
10478,"False"
10482,"True"
10484,"True"
10487,"True"
10488,"True"
10490,"True"
10491,"True"
10496,"False"
10499,"False"
10503,"False"
10505,"False"
10508,"False"
10510,"False"
10511,"True"
10515,"True"
10518,"True"
10521,"True"
10523,"True"
10525,"True"
10526,"True"
10527,"True"
10531,"False"
10535,"False"
10541,"False"
10543,"True"
10545,"False"
10546,"False"
10547,"True"
10550,"True"
10553,"True"
10555,"True"
10557,"True"
10558,"True"
10559,"False"
10563,"False"
10566,"False"
10569,"False"
10571,"False"
10573,"False"
10574,"False"
10575,"True"
10577,"True"
10578,"True"
10579,"False"
10581,"False"
10583,"False"
10585,"True"
10587,"True"
10590,"True"
10591,"True"
10593,"True"
10594,"False"
10598,"False"
10600,"False"
10603,"False"
10605,"False"
10606,"True"
10609,"True"
10612,"True"
10614,"True"
10616,"True"
10617,"True"
10618,"False"
10622,"False"
10628,"False"
10632,"False"
10633,"False"
10634,"True"
10636,"True"
10639,"True"
10640,"True"
10642,"True"
10643,"False"
10647,"False"
10649,"False"
10652,"False"
10653,"False"
10655,"True"
10657,"True"
10659,"True"
10660,"True"
10661,"False"
10664,"False"
10666,"False"
10668,"False"
10669,"False"
10670,"True"
10671,"True"
10672,"False"
10674,"False"
10675,"False"
10676,"True"
10679,"True"
10682,"True"
10684,"True"
10686,"True"
10687,"True"
10688,"False"
10692,"False"
10695,"False"
10698,"False"
10700,"False"
10702,"False"
10703,"False"
10704,"True"
10706,"True"
10708,"True"
10709,"True"
10710,"True"
10713,"True"
10715,"False"
10717,"False"
10718,"False"
10719,"True"
10720,"True"
10721,"False"
10723,"False"
10724,"False"
10725,"False"
10726,"True"
10729,"True"
10732,"True"
10734,"True"
10736,"True"
10737,"True"
10738,"False"
10742,"False"
10745,"True"
10748,"False"
10750,"True"
10752,"True"
10753,"True"
10754,"False"
10755,"True"
10757,"True"
10758,"False"
10761,"False"
10763,"False"
10764,"True"
10766,"True"
10768,"False"
10769,"True"
10770,"False"
10773,"False"
10775,"False"
10777,"False"
10779,"False"
10780,"True"
10783,"True"
10786,"True"
10788,"True"
10790,"True"
10791,"True"
10792,"False"
10796,"False"
10799,"False"
10802,"False"
10804,"False"
10806,"False"
10807,"False"
10808,"True"
10809,"True"
10810,"False"
10812,"False"
10813,"False"
10814,"True"
10815,"True"
10817,"True"
10819,"True"
10820,"True"
10821,"False"
10824,"False"
10826,"False"
10828,"False"
10829,"True"
10830,"True"
10831,"True"
10832,"False"
10834,"False"
10835,"False"
10836,"True"
10838,"True"
10841,"False"
10843,"True"
10844,"True"
10845,"False"
10849,"False"
10853,"False"
10855,"False"
10856,"False"
10857,"True"
10861,"True"
10865,"True"
10868,"True"
10871,"True"
10873,"False"
10875,"True"
10876,"False"
10877,"False"
10882,"False"
10886,"False"
10890,"False"
10893,"False"
10896,"False"
10898,"False"
10900,"False"
10901,"False"
10902,"True"
10904,"True"
10906,"True"
10907,"True"
10908,"False"
10911,"False"
10913,"False"
10915,"False"
10916,"True"
10917,"True"
10919,"False"
10920,"False"
10923,"True"
10925,"True"
10927,"True"
10928,"True"
10929,"False"
10932,"False"
10934,"False"
10936,"False"
10937,"False"
10938,"True"
10941,"True"
10944,"True"
10946,"True"
10948,"True"
10949,"True"
10950,"False"
10954,"False"
10957,"False"
10960,"False"
10962,"False"
10964,"False"
10965,"False"
10966,"True"
10968,"True"
10969,"False"
10972,"False"
10973,"True"
10975,"True"
10976,"False"
10979,"False"
10980,"False"
10983,"True"
10985,"True"
10986,"True"
10987,"False"
10989,"False"
10991,"False"
10992,"False"
10993,"True"
10994,"True"
10996,"True"
10997,"False"
11000,"False"
11001,"False"
11003,"True"
11006,"True"
11010,"True"
11013,"False"
11015,"True"
11017,"True"
11018,"True"
11019,"False"
11024,"False"
11030,"False"
11033,"False"
11035,"True"
11037,"False"
11038,"False"
11039,"True"
11041,"True"
11042,"True"
11043,"False"
11045,"False"
11047,"False"
11048,"False"
11049,"True"
11051,"False"
11053,"False"
11054,"True"
11055,"False"
11058,"False"
11060,"False"
11062,"False"
11063,"False"
11064,"True"
11067,"False"
11069,"True"
11070,"True"
11071,"False"
11077,"False"
11078,"False"
11079,"True"
11081,"True"
11083,"True"
11084,"True"
11085,"True"
11088,"False"
11090,"False"
11092,"False"
11093,"True"
11094,"True"
11095,"True"
11096,"False"
11098,"False"
11099,"False"
11100,"True"
11101,"True"
11102,"False"
11104,"False"
11105,"False"
11106,"True"
11109,"True"
11112,"True"
11114,"True"
11116,"True"
11117,"True"
11118,"False"
11122,"True"
11125,"False"
11128,"False"
11130,"False"
11132,"False"
11133,"False"
11134,"True"
11136,"True"
11137,"False"
11139,"False"
11140,"True"
11141,"False"
11143,"True"
11146,"True"
11148,"True"
11149,"False"
11153,"True"
11157,"True"
11160,"True"
11163,"True"
11165,"True"
11167,"True"
11168,"True"
11169,"False"
11173,"False"
11177,"False"
11180,"False"
11183,"False"
11185,"False"
11187,"False"
11188,"False"
11189,"True"
11190,"True"
11191,"False"
11193,"False"
11194,"True"
11195,"True"
11197,"False"
11199,"True"
11201,"True"
11204,"True"
11207,"True"
11209,"True"
11211,"True"
11212,"True"
11213,"True"
11217,"False"
11220,"False"
11223,"False"
11225,"False"
11227,"False"
11228,"False"
11229,"False"
11231,"True"
11232,"True"
11233,"True"
11237,"False"
11238,"False"
11239,"False"
11241,"True"
11242,"True"
11243,"False"
11247,"False"
11248,"False"
11249,"True"
11252,"True"
11254,"True"
11256,"False"
11257,"True"
11258,"False"
11261,"False"
11264,"False"
11266,"False"
11268,"False"
11269,"False"
11270,"True"
11272,"True"
11273,"True"
11274,"True"
11278,"True"
11279,"True"
11280,"True"
11281,"True"
11282,"True"
11284,"False"
11285,"False"
11286,"True"
11288,"True"
11289,"True"
11290,"True"
11294,"True"
11295,"True"
11296,"True"
11298,"True"
11299,"True"
11300,"False"
11304,"False"
11305,"False"
11306,"True"
11308,"True"
11310,"True"
11311,"True"
11312,"False"
11315,"False"
11317,"False"
11319,"False"
11320,"False"
11321,"True"
11323,"True"
11325,"True"
11326,"True"
11327,"False"
11330,"False"
11332,"True"
11334,"True"
11335,"False"
11336,"True"
11337,"False"
11338,"False"
11339,"True"
11340,"True"
11342,"False"
11343,"False"
11346,"False"
11347,"False"
11349,"True"
11351,"True"
11353,"True"
11354,"True"
11355,"False"
11358,"False"
11360,"False"
11362,"False"
11363,"False"
11364,"True"
11365,"False"
11366,"False"
11367,"False"
11370,"True"
11372,"False"
11374,"False"
11375,"True"
11376,"False"
11382,"False"
11384,"False"
11386,"False"
11387,"False"
11388,"True"
11392,"True"
11396,"False"
11399,"True"
11402,"True"
11404,"True"
11406,"True"
11407,"True"
11408,"False"
11413,"False"
11417,"False"
11421,"False"
11424,"False"
11427,"False"
11429,"False"
11431,"False"
11432,"False"
11433,"True"
11434,"True"
11438,"True"
11441,"True"
11443,"True"
11444,"False"
11449,"False"
11451,"False"
11454,"True"
11457,"True"
11459,"False"
11461,"True"
11462,"True"
11463,"False"
11466,"True"
11469,"True"
11471,"False"
11473,"False"
11474,"False"
11475,"True"
11476,"True"
11477,"False"
11479,"False"
11480,"False"
11481,"True"
11483,"True"
11485,"True"
11486,"True"
11487,"False"
11490,"False"
11492,"False"
11494,"True"
11495,"True"
11496,"True"
11498,"True"
11500,"False"
11501,"True"
11502,"True"
11505,"False"
11507,"False"
11509,"False"
11510,"False"
11511,"True"
11514,"True"
11517,"True"
11519,"True"
11521,"True"
11522,"True"
11523,"False"
11527,"False"
11530,"False"
11533,"False"
11535,"False"
11537,"False"
11538,"False"
11539,"True"
11541,"True"
11543,"True"
11544,"True"
11545,"False"
11548,"False"
11550,"False"
11552,"False"
11553,"False"
11554,"True"
11556,"True"
11557,"True"
11558,"False"
11562,"False"
11563,"False"
11564,"True"
11566,"True"
11567,"False"
11570,"True"
11574,"True"
11578,"True"
11581,"True"
11584,"True"
11586,"True"
11588,"True"
11589,"True"
11590,"False"
11595,"False"
11599,"False"
11603,"False"
11606,"False"
11609,"False"
11611,"False"
11613,"False"
11614,"True"
11615,"True"
11617,"True"
11621,"True"
11624,"True"
11626,"False"
11627,"True"
11628,"False"
11633,"True"
11639,"False"
11641,"False"
11642,"False"
11643,"True"
11647,"True"
11651,"True"
11654,"True"
11657,"True"
11659,"True"
11661,"True"
11662,"True"
11663,"False"
11668,"False"
11672,"False"
11676,"False"
11679,"False"
11682,"False"
11684,"False"
11686,"False"
11687,"False"
11688,"True"
11690,"True"
11692,"False"
11693,"True"
11694,"False"
11697,"False"
11699,"False"
11701,"False"
11702,"False"
11703,"False"
11704,"True"
11706,"True"
11707,"True"
11708,"True"
11710,"False"
11712,"False"
11714,"True"
11715,"True"
11716,"False"
11718,"False"
11719,"False"
11720,"True"
11723,"True"
11726,"True"
11728,"True"
11730,"True"
11731,"True"
11732,"False"
11736,"False"
11739,"False"
11742,"False"
11744,"False"
11746,"False"
11747,"False"
11748,"True"
11751,"True"
11754,"True"
11756,"False"
11758,"True"
11759,"True"
11760,"False"
11764,"False"
11767,"False"
11770,"False"
11772,"False"
11774,"False"
11775,"False"
11776,"True"
11780,"True"
11782,"True"
11785,"True"
11786,"False"
11788,"True"
11789,"False"
11792,"False"
11796,"False"
11798,"False"
11801,"False"
11802,"False"
11804,"True"
11807,"True"
11809,"True"
11810,"False"
11814,"True"
11818,"True"
11821,"True"
11823,"True"
11824,"False"
11829,"True"
11833,"True"
11836,"True"
11838,"True"
11839,"True"
11840,"True"
11848,"False"
11849,"False"
11850,"True"
11852,"False"
11853,"False"
11856,"True"
11858,"True"
11860,"True"
11861,"True"
11862,"False"
11865,"False"
11867,"False"
11869,"False"
11870,"False"
11871,"True"
11873,"True"
11875,"True"
11876,"True"
11877,"False"
11880,"False"
11882,"False"
11884,"True"
11885,"True"
11886,"True"
11888,"True"
11889,"False"
11892,"True"
11895,"True"
11897,"False"
11898,"True"
11899,"False"
11903,"False"
11905,"False"
11906,"False"
11907,"True"
11911,"True"
11914,"True"
11917,"True"
11919,"True"
11921,"True"
11922,"True"
11923,"False"
11927,"False"
11931,"False"
11934,"False"
11937,"True"
11939,"False"
11941,"True"
11942,"False"
11943,"True"
11947,"True"
11951,"True"
11954,"True"
11957,"True"
11959,"True"
11961,"True"
11962,"True"
11963,"True"
11968,"False"
11972,"False"
11976,"False"
11979,"False"
11982,"False"
11984,"False"
11986,"False"
11987,"False"
11988,"True"
11991,"True"
11993,"True"
11994,"True"
11995,"True"
12001,"False"
12002,"False"
12003,"True"
12004,"True"
12006,"True"
12009,"True"
12012,"True"
12014,"True"
12016,"True"
12017,"True"
12018,"False"
12022,"False"
12025,"False"
12028,"False"
12030,"False"
12032,"False"
12033,"False"
12034,"True"
12036,"True"
12037,"False"
12040,"True"
12043,"True"
12045,"True"
12046,"False"
12047,"False"
12053,"False"
12054,"False"
12055,"True"
12057,"True"
12058,"True"
12059,"False"
12063,"True"
12064,"False"
12065,"True"
12067,"True"
12069,"True"
12070,"True"
12071,"False"
12074,"False"
12076,"False"
12078,"False"
12079,"False"
12080,"True"
12083,"True"
12086,"True"
12088,"True"
12090,"True"
12091,"True"
12092,"False"
12096,"False"
12099,"False"
12102,"False"
12104,"False"
12106,"False"
12107,"False"
12108,"False"
12110,"True"
12111,"True"
12112,"False"
12116,"False"
12117,"False"
12118,"True"
12119,"True"
12120,"False"
12124,"True"
12127,"True"
12129,"False"
12131,"True"
12132,"True"
12133,"False"
12136,"True"
12139,"True"
12141,"False"
12143,"False"
12145,"False"
12146,"True"
12148,"True"
12149,"True"
12150,"False"
12154,"False"
12155,"False"
12156,"True"
12160,"True"
12161,"True"
12164,"True"
12166,"True"
12167,"False"
12169,"False"
12173,"False"
12174,"False"
12177,"False"
12178,"False"
12180,"True"
12184,"True"
12185,"True"
12186,"False"
12189,"False"
12193,"False"
12194,"False"
12195,"True"
12196,"True"
12197,"False"
12199,"False"
12201,"True"
12203,"True"
12206,"True"
12207,"True"
12209,"True"
12210,"False"
12214,"False"
12216,"False"
12219,"False"
12220,"False"
12222,"True"
12225,"False"
12227,"False"
12228,"False"
12231,"False"
12232,"True"
12235,"True"
12239,"True"
12241,"True"
12244,"True"
12245,"True"
12248,"False"
12253,"False"
12256,"True"
12260,"False"
12262,"False"
12265,"False"
12267,"False"
12268,"True"
12270,"True"
12271,"True"
12272,"False"
12274,"False"
12276,"False"
12277,"False"
12278,"True"
12281,"True"
12283,"True"
12285,"True"
12286,"True"
12287,"False"
12293,"False"
12295,"False"
12297,"False"
12298,"False"
12299,"True"
12303,"True"
12307,"True"
12310,"True"
12313,"True"
12315,"True"
12317,"False"
12318,"True"
12319,"False"
12324,"True"
12328,"False"
12332,"False"
12335,"False"
12338,"False"
12340,"True"
12342,"False"
12343,"False"
12344,"True"
12345,"False"
12348,"True"
12349,"False"
12351,"False"
12352,"True"
12354,"False"
12357,"False"
12360,"True"
12362,"True"
12365,"True"
12366,"True"
12368,"True"
12369,"False"
12373,"False"
12375,"False"
12378,"False"
12379,"False"
12381,"False"
12383,"True"
12384,"True"
12385,"True"
12387,"False"
12389,"False"
12390,"False"
12391,"True"
12394,"True"
12397,"True"
12399,"True"
12401,"False"
12402,"True"
12403,"False"
12407,"False"
12410,"False"
12413,"False"
12415,"False"
12417,"False"
12418,"False"
12419,"True"
12423,"True"
12427,"True"
12430,"True"
12433,"True"
12435,"True"
12437,"True"
12438,"True"
12439,"False"
12444,"False"
12448,"False"
12452,"False"
12455,"False"
12458,"False"
12460,"False"
12462,"False"
12463,"True"
12464,"True"
12466,"True"
12468,"True"
12469,"True"
12470,"False"
12473,"False"
12475,"False"
12477,"False"
12478,"False"
12479,"True"
12480,"True"
12481,"False"
12483,"False"
12484,"False"
12485,"True"
12487,"True"
12489,"True"
12490,"True"
12491,"False"
12494,"False"
12496,"False"
12498,"False"
12499,"False"
12500,"True"
12503,"True"
12504,"True"
12506,"True"
12507,"False"
12509,"False"
12512,"False"
12514,"False"
12515,"True"
12517,"True"
12518,"False"
12521,"True"
12523,"True"
12525,"True"
12526,"True"
12527,"False"
12530,"True"
12532,"False"
12534,"False"
12535,"False"
12536,"True"
12541,"True"
12542,"False"
12545,"False"
12546,"False"
12549,"True"
12551,"True"
12552,"False"
12554,"False"
12556,"True"
12557,"True"
12558,"False"
12560,"False"
12561,"False"
12562,"True"
12564,"True"
12565,"False"
12568,"True"
12572,"True"
12576,"True"
12579,"True"
12582,"True"
12584,"True"
12586,"True"
12587,"True"
12588,"False"
12593,"False"
12597,"False"
12601,"False"
12604,"False"
12607,"False"
12609,"False"
12611,"False"
12612,"False"
12613,"True"
12615,"True"
12616,"True"
12617,"False"
12619,"False"
12621,"False"
12622,"False"
12623,"True"
12624,"True"
12627,"False"
12630,"False"
12632,"False"
12633,"True"
12635,"True"
12637,"True"
12638,"True"
12639,"False"
12642,"False"
12644,"False"
12646,"False"
12647,"False"
12648,"True"
12652,"True"
12656,"True"
12659,"True"
12662,"True"
12664,"True"
12666,"True"
12667,"True"
12668,"True"
12673,"False"
12677,"True"
12681,"False"
12684,"False"
12687,"False"
12689,"True"
12691,"False"
12692,"False"
12693,"True"
12696,"True"
12698,"True"
12699,"False"
12702,"False"
12703,"True"
12706,"True"
12709,"True"
12711,"False"
12713,"True"
12714,"True"
12715,"False"
12719,"False"
12722,"False"
12725,"False"
12727,"False"
12729,"True"
12730,"True"
12731,"True"
12733,"True"
12735,"True"
12736,"True"
12737,"True"
12740,"False"
12742,"False"
12744,"False"
12745,"False"
12746,"True"
12747,"True"
12749,"True"
12750,"False"
12753,"False"
12755,"False"
12756,"True"
12757,"False"
12758,"False"
12759,"True"
12761,"True"
12762,"False"
12765,"False"
12766,"True"
12768,"True"
12769,"False"
12771,"False"
12772,"True"
12775,"True"
12777,"True"
12779,"True"
12780,"True"
12781,"False"
12784,"True"
12787,"False"
12789,"False"
12791,"False"
12792,"False"
12793,"False"
12795,"False"
12798,"True"
12799,"True"
12801,"True"
12802,"True"
12806,"False"
12808,"True"
12811,"False"
12812,"False"
12814,"True"
12816,"True"
12818,"True"
12819,"False"
12820,"False"
12823,"False"
12825,"False"
12827,"False"
12828,"False"
12829,"True"
12831,"True"
12833,"True"
12834,"True"
12835,"False"
12838,"True"
12840,"False"
12842,"False"
12843,"False"
12844,"True"
12846,"True"
12848,"True"
12849,"True"
12850,"False"
12853,"False"
12855,"False"
12857,"False"
12858,"False"
12859,"False"
12861,"True"
12863,"True"
12864,"True"
12865,"False"
12868,"False"
12870,"False"
12872,"False"
12873,"False"
12874,"True"
12876,"True"
12878,"True"
12879,"True"
12880,"True"
12883,"False"
12885,"False"
12887,"False"
12888,"True"
12889,"True"
12890,"True"
12892,"True"
12893,"False"
12896,"False"
12897,"False"
12899,"True"
12900,"True"
12901,"True"
12903,"True"
12904,"False"
12905,"True"
12907,"True"
12908,"True"
12909,"False"
12911,"False"
12913,"False"
12915,"True"
12917,"True"
12919,"True"
12920,"True"
12921,"False"
12924,"False"
12926,"False"
12928,"False"
12929,"False"
12930,"True"
12933,"True"
12936,"True"
12938,"True"
12940,"True"
12941,"True"
12942,"False"
12946,"False"
12949,"False"
12952,"False"
12954,"False"
12956,"False"
12957,"False"
12958,"True"
12961,"True"
12964,"True"
12966,"True"
12968,"True"
12969,"True"
12970,"False"
12974,"False"
12977,"False"
12980,"False"
12982,"False"
12984,"False"
12985,"False"
12986,"True"
12990,"True"
12994,"True"
12997,"True"
13000,"True"
13002,"True"
13004,"False"
13005,"True"
13006,"False"
13011,"False"
13015,"False"
13019,"False"
13022,"False"
13025,"False"
13027,"True"
13029,"False"
13030,"False"
13031,"True"
13033,"True"
13034,"True"
13035,"False"
13037,"False"
13039,"False"
13040,"False"
13041,"True"
13045,"True"
13048,"True"
13050,"True"
13052,"True"
13053,"True"
13054,"False"
13060,"False"
13063,"False"
13067,"False"
13068,"False"
13069,"True"
13073,"True"
13077,"True"
13080,"True"
13083,"True"
13085,"True"
13087,"True"
13088,"True"
13089,"True"
13094,"False"
13098,"False"
13102,"True"
13105,"True"
13108,"True"
13110,"True"
13112,"True"
13113,"False"
13114,"True"
13117,"True"
13119,"True"
13120,"True"
13121,"False"
13127,"False"
13128,"False"
13129,"True"
13131,"True"
13133,"True"
13134,"True"
13135,"False"
13138,"False"
13140,"False"
13142,"False"
13143,"False"
13144,"True"
13147,"True"
13150,"True"
13152,"True"
13154,"True"
13155,"True"
13156,"False"
13160,"False"
13163,"False"
13166,"False"
13168,"False"
13170,"False"
13171,"False"
13172,"False"
13173,"True"
13175,"True"
13176,"False"
13179,"False"
13180,"True"
13182,"True"
13186,"True"
13190,"True"
13193,"True"
13196,"True"
13198,"True"
13200,"True"
13201,"True"
13202,"True"
13207,"False"
13211,"False"
13215,"False"
13218,"False"
13221,"False"
13223,"False"
13225,"False"
13226,"True"
13227,"True"
13229,"True"
13231,"True"
13232,"True"
13233,"False"
13236,"False"
13238,"False"
13240,"False"
13241,"False"
13242,"True"
13245,"False"
13249,"True"
13251,"True"
13254,"True"
13256,"True"
13257,"False"
13258,"False"
13263,"False"
13266,"False"
13270,"False"
13274,"False"
13276,"False"
13277,"False"
13278,"True"
13281,"True"
13283,"True"
13284,"True"
13285,"True"
13289,"False"
13291,"False"
13292,"False"
13293,"False"
13294,"True"
13295,"False"
13297,"True"
13298,"False"
13299,"True"
13301,"True"
13302,"False"
13305,"True"
13306,"True"
13307,"False"
13309,"False"
13311,"True"
13313,"True"
13315,"True"
13316,"True"
13317,"False"
13320,"False"
13322,"False"
13324,"False"
13325,"False"
13326,"True"
13329,"True"
13331,"True"
13333,"True"
13334,"True"
13335,"True"
13338,"False"
13341,"False"
13343,"True"
13345,"False"
13347,"True"
13349,"True"
13350,"False"
13351,"True"
13353,"True"
13356,"True"
13359,"True"
13361,"False"
13363,"True"
13364,"True"
13365,"True"
13369,"True"
13372,"False"
13375,"False"
13377,"False"
13381,"True"
13383,"True"
13385,"True"
13386,"True"
13387,"True"
13390,"False"
13392,"False"
13394,"False"
13395,"False"
13396,"True"
13398,"True"
13400,"True"
13401,"True"
13402,"False"
13405,"True"
13407,"False"
13409,"True"
13410,"False"
13411,"True"
13414,"True"
13417,"True"
13419,"True"
13421,"True"
13422,"False"
13423,"True"
13427,"False"
13430,"False"
13433,"False"
13435,"False"
13437,"True"
13438,"False"
13439,"True"
13441,"False"
13442,"True"
13444,"True"
13445,"False"
13451,"False"
13453,"True"
13454,"True"
13456,"True"
13457,"False"
13460,"True"
13462,"True"
13463,"True"
13464,"False"
13468,"False"
13469,"False"
13470,"True"
13473,"True"
13476,"True"
13478,"True"
13480,"True"
13481,"True"
13482,"False"
13486,"False"
13489,"False"
13492,"False"
13494,"False"
13496,"False"
13497,"False"
13498,"True"
13500,"True"
13502,"True"
13503,"True"
13504,"True"
13507,"False"
13509,"False"
13511,"False"
13512,"False"
13513,"True"
13515,"True"
13517,"True"
13518,"True"
13519,"False"
13522,"False"
13524,"True"
13526,"True"
13527,"False"
13528,"True"
13529,"False"
13531,"True"
13534,"True"
13536,"True"
13537,"False"
13541,"True"
13544,"True"
13547,"True"
13549,"True"
13551,"True"
13552,"False"
13553,"False"
13557,"False"
13560,"False"
13563,"False"
13565,"False"
13567,"False"
13568,"False"
13569,"True"
13571,"True"
13573,"True"
13574,"True"
13575,"False"
13578,"False"
13580,"False"
13582,"False"
13583,"False"
13584,"True"
13586,"True"
13587,"True"
13588,"True"
13592,"False"
13593,"False"
13594,"False"
13595,"True"
13597,"False"
13598,"True"
13599,"False"
13601,"False"
13603,"False"
13604,"False"
13605,"True"
13607,"True"
13609,"True"
13610,"True"
13611,"False"
13614,"False"
13616,"False"
13618,"False"
13619,"False"
13620,"True"
13622,"True"
13624,"True"
13625,"True"
13626,"False"
13629,"False"
13631,"False"
13633,"False"
13634,"False"
13635,"True"
13637,"True"
13638,"True"
13639,"False"
13643,"False"
13644,"False"
13645,"True"
13647,"True"
13649,"True"
13650,"True"
13651,"False"
13654,"False"
13656,"False"
13658,"False"
13659,"False"
13660,"True"
13663,"True"
13665,"True"
13667,"True"
13668,"True"
13669,"False"
13672,"True"
13675,"True"
13677,"False"
13679,"False"
13681,"True"
13683,"True"
13685,"True"
13686,"True"
13687,"False"
13690,"False"
13692,"False"
13694,"False"
13695,"False"
13696,"True"
13698,"True"
13700,"True"
13701,"True"
13702,"False"
13705,"False"
13707,"False"
13709,"True"
13710,"False"
13711,"True"
13713,"True"
13715,"True"
13716,"True"
13717,"False"
13720,"False"
13722,"False"
13724,"False"
13725,"False"
13726,"True"
13729,"True"
13732,"True"
13734,"True"
13736,"True"
13737,"True"
13738,"False"
13742,"False"
13745,"False"
13748,"False"
13750,"False"
13752,"False"
13753,"False"
13754,"True"
13757,"False"
13759,"True"
13760,"False"
13764,"True"
13766,"True"
13768,"False"
13769,"True"
13770,"False"
13773,"False"
13775,"False"
13777,"False"
13778,"True"
13779,"False"
13781,"True"
13783,"True"
13784,"True"
13785,"False"
13788,"True"
13790,"True"
13792,"False"
13793,"False"
13794,"True"
13795,"True"
13797,"True"
13799,"True"
13801,"True"
13802,"True"
13803,"False"
13806,"True"
13808,"False"
13810,"False"
13811,"False"
13812,"True"
13813,"False"
13814,"False"
13815,"True"
13817,"True"
13819,"True"
13820,"True"
13821,"False"
13824,"False"
13826,"False"
13828,"False"
13829,"False"
13830,"True"
13834,"True"
13838,"True"
13841,"True"
13844,"True"
13846,"True"
13848,"True"
13849,"True"
13850,"False"
13855,"False"
13859,"False"
13863,"False"
13866,"False"
13869,"False"
13871,"False"
13873,"False"
13874,"False"
13875,"True"
13878,"True"
13880,"False"
13881,"False"
13882,"False"
13888,"False"
13889,"False"
13890,"True"
13892,"True"
13894,"True"
13895,"True"
13896,"False"
13899,"False"
13901,"False"
13903,"False"
13904,"False"
13905,"True"
13907,"True"
13909,"True"
13910,"True"
13911,"False"
13914,"False"
13916,"False"
13918,"False"
13919,"False"
13920,"True"
13922,"True"
13924,"True"
13925,"True"
13926,"False"
13929,"False"
13931,"False"
13933,"False"
13934,"True"
13935,"False"
13937,"True"
13939,"True"
13940,"True"
13941,"False"
13944,"False"
13946,"False"
13948,"True"
13949,"True"
13950,"True"
13952,"True"
13954,"True"
13955,"True"
13956,"False"
13959,"False"
13961,"False"
13963,"False"
13964,"False"
13965,"True"
13966,"True"
13967,"False"
13969,"False"
13970,"False"
13971,"True"
13972,"False"
13974,"False"
13976,"True"
13977,"False"
13979,"False"
13980,"True"
13983,"True"
13986,"True"
13988,"True"
13990,"True"
13991,"True"
13992,"False"
13996,"False"
13999,"False"
14002,"False"
14004,"False"
14006,"False"
14007,"False"
14008,"True"
14009,"False"
14010,"False"
14012,"False"
14013,"False"
14014,"True"
14016,"True"
14018,"True"
14019,"True"
14020,"False"
14023,"False"
14025,"False"
14027,"False"
14028,"False"
14029,"True"
14031,"False"
14033,"True"
14034,"False"
14035,"False"
14038,"True"
14040,"False"
14042,"True"
14043,"False"
14044,"True"
14047,"True"
14050,"True"
14052,"True"
14054,"True"
14055,"True"
14056,"False"
14060,"False"
14063,"False"
14066,"False"
14068,"False"
14070,"False"
14071,"False"
14072,"True"
14074,"True"
14075,"True"
14076,"True"
14080,"False"
14081,"False"
14082,"True"
14083,"False"
14085,"True"
14089,"True"
14092,"True"
14094,"True"
14095,"True"
14096,"False"
14104,"False"
14105,"False"
14106,"True"
14109,"True"
14111,"True"
14113,"False"
14114,"True"
14115,"False"
14118,"False"
14121,"False"
14125,"False"
14126,"False"
14127,"True"
14130,"True"
14133,"True"
14135,"True"
14137,"True"
14138,"True"
14139,"False"
14143,"False"
14146,"False"
14149,"False"
14151,"True"
14153,"True"
14154,"False"
14155,"True"
14157,"False"
14159,"True"
14160,"True"
14161,"True"
14164,"True"
14166,"False"
14168,"False"
14169,"True"
14170,"True"
14172,"True"
14175,"True"
14176,"True"
14178,"True"
14179,"False"
14183,"False"
14185,"False"
14188,"False"
14189,"False"
14191,"True"
14195,"True"
14199,"True"
14202,"True"
14205,"True"
14207,"True"
14209,"True"
14210,"True"
14211,"False"
14216,"False"
14220,"False"
14224,"False"
14227,"False"
14230,"False"
14232,"False"
14234,"False"
14235,"False"
14236,"True"
14238,"True"
14242,"True"
14244,"True"
14245,"True"
14246,"True"
14250,"False"
14251,"False"
14252,"True"
14255,"True"
14257,"True"
14259,"True"
14260,"True"
14261,"False"
14267,"False"
14269,"False"
14271,"False"
14272,"False"
14273,"True"
14275,"True"
14276,"False"
14279,"False"
14280,"True"
14282,"True"
14284,"True"
14285,"True"
14286,"True"
14289,"True"
14291,"True"
14293,"False"
14294,"True"
14295,"True"
14297,"True"
14300,"True"
14301,"True"
14303,"True"
14304,"False"
14308,"False"
14310,"False"
14313,"False"
14314,"False"
14316,"True"
14464,"True"
14611,"True"
14757,"True"
14902,"True"
15046,"True"
15084,"True"
15121,"True"
15157,"True"
15300,"True"
15442,"True"
15583,"True"
15618,"True"
15758,"True"
15897,"True"
16035,"True"
16172,"True"
16308,"True"
16443,"True"
16577,"True"
16611,"True"
16644,"True"
16676,"True"
17072,"True"
17202,"True"
17331,"True"
17459,"True"
17586,"True"
17712,"True"
17837,"True"
17961,"True"
18022,"True"
18145,"True"
18296,"True"
18324,"True"
18445,"True"
18565,"True"
18684,"True"
18802,"True"
18919,"True"
19035,"True"
19150,"True"
19177,"True"
19291,"True"
19317,"True"
19342,"True"
19366,"True"
19479,"True"
19591,"True"
19702,"True"
19812,"True"
19921,"True"
20029,"True"
20136,"True"
20242,"True"
20265,"True"
20370,"True"
20474,"True"
20496,"True"
20599,"True"
20701,"True"
20802,"True"
20902,"True"
21001,"True"
21099,"True"
21196,"True"
21292,"True"
21387,"True"
21408,"True"
21502,"True"
21522,"True"
21615,"True"
21634,"True"
21726,"True"
21817,"True"
21907,"True"
21996,"True"
22084,"True"
22171,"True"
22257,"True"
22342,"True"
22426,"True"
22444,"True"
22527,"True"
22609,"True"
22626,"True"
22707,"True"
22787,"True"
22866,"True"
22944,"True"
23021,"True"
23097,"True"
23172,"True"
23246,"True"
23319,"True"
23335,"True"
23407,"True"
23422,"True"
23436,"True"
23507,"True"
23577,"True"
23646,"True"
23714,"True"
23781,"True"
23847,"True"
23912,"True"
23976,"True"
23989,"True"
24052,"True"
24114,"True"
24126,"True"
24187,"True"
24247,"True"
24306,"True"
24364,"True"
24421,"True"
24477,"True"
24532,"True"
24586,"True"
24639,"True"
24691,"True"
24742,"True"
24753,"True"
24803,"True"
24852,"True"
24900,"True"
24947,"True"
24993,"True"
25038,"True"
25082,"True"
25092,"True"
25135,"True"
25144,"True"
25152,"True"
25194,"True"
25235,"True"
25275,"True"
25314,"True"
25352,"True"
25389,"True"
25425,"True"
25460,"True"
25467,"True"
25501,"True"
25507,"True"
25512,"True"
25545,"True"
25577,"True"
25608,"True"
25638,"True"
25667,"True"
25695,"True"
25722,"True"
25748,"True"
25773,"True"
25777,"True"
25801,"True"
25824,"True"
25846,"True"
25867,"True"
25887,"True"
25906,"True"
25924,"True"
25941,"True"
25957,"True"
25960,"True"
25975,"True"
25989,"True"
26002,"True"
26014,"True"
26025,"True"
26027,"True"
26037,"True"
26046,"True"
26054,"True"
26061,"True"
26067,"True"
26072,"True"
26073,"True"
26077,"True"
26080,"True"
26082,"True"
26083,"False"
26278,"False"
26710,"False"
26818,"False"
26959,"False"
27204,"False"
27606,"False"
27926,"False"
28356,"False"
28478,"False"
28674,"False"
28789,"False"
28816,"False"
29158,"False"
29350,"False"
29456,"False"
29502,"False"
29606,"False"
29804,"False"
29899,"False"
29920,"False"
30014,"False"
30034,"False"
30127,"False"
30298,"False"
30382,"False"
30418,"False"
30500,"False"
30653,"False"
30726,"False"
30742,"False"
30886,"False"
30998,"False"
31062,"False"
31088,"False"
31150,"False"
31282,"False"
31333,"False"
31410,"False"
31454,"False"
31464,"False"
31550,"False"
31614,"False"
31649,"False"
31656,"False"
31724,"False"
31769,"False"
31794,"False"
31830,"False"
31846,"False"
31861,"False"
31872,"False"
31884,"False"
31895,"False"
31897,"True"
31901,"False"
31904,"True"
31906,"True"
31908,"True"
31910,"False"
31919,"False"
31921,"False"
31923,"True"
31925,"True"
31929,"False"
31936,"False"
31939,"True"
31941,"True"
31943,"True"
31944,"True"
31945,"False"
31950,"False"
31954,"False"
31961,"True"
31964,"False"
31966,"False"
31968,"False"
31969,"False"
31970,"True"
31974,"True"
31976,"False"
31979,"False"
31984,"False"
31985,"True"
31987,"True"
31990,"True"
31992,"True"
31993,"True"
31994,"False"
31998,"False"
32002,"False"
32004,"False"
32005,"False"
32006,"True"
32010,"True"
32014,"False"
32017,"True"
32020,"True"
32022,"True"
32024,"True"
32025,"True"
32026,"False"
32031,"False"
32035,"False"
32039,"False"
32042,"False"
32045,"False"
32047,"False"
32049,"False"
32050,"False"
32051,"False"
32052,"True"
32053,"False"
32054,"False"
32055,"True"
32056,"True"
32058,"True"
32059,"False"
32062,"False"
32064,"False"
32065,"False"
32067,"True"
32069,"True"
32070,"False"
32071,"False"
32074,"False"
32076,"False"
32078,"False"
32079,"False"
32080,"True"
32082,"True"
32086,"True"
32087,"True"
32090,"True"
32092,"True"
32093,"False"
32098,"False"
32100,"False"
32104,"False"
32106,"False"
32108,"False"
32109,"False"
32111,"True"
32112,"True"
32113,"False"
32115,"False"
32116,"False"
32117,"True"
32119,"True"
32121,"True"
32122,"False"
32123,"False"
32126,"False"
32128,"False"
32130,"False"
32131,"False"
32132,"True"
32136,"True"
32140,"True"
32143,"True"
32146,"True"
32148,"True"
32150,"True"
32151,"True"
32152,"False"
32157,"False"
32161,"False"
32165,"False"
32168,"False"
32171,"False"
32173,"False"
32175,"False"
32176,"False"
32177,"True"
32179,"True"
32181,"True"
32182,"True"
32183,"False"
32186,"False"
32188,"False"
32190,"False"
32191,"False"
32192,"True"
32194,"True"
32195,"True"
32196,"False"
32200,"False"
32201,"False"
32202,"True"
32204,"True"
32206,"True"
32207,"True"
32208,"False"
32211,"False"
32213,"False"
32215,"False"
32216,"False"
32217,"False"
32218,"False"
32219,"False"
32220,"True"
32222,"True"
32223,"True"
32224,"False"
32226,"False"
32228,"False"
32229,"False"
32230,"True"
32232,"True"
32233,"True"
32234,"False"
32236,"True"
32237,"True"
32239,"True"
32240,"False"
32243,"False"
32245,"False"
32246,"True"
32248,"True"
32250,"False"
32251,"True"
32252,"False"
32255,"False"
32257,"False"
32259,"False"
32260,"True"
32261,"False"
32262,"True"
32263,"False"
32265,"False"
32266,"True"
32267,"True"
32269,"True"
32270,"False"
32273,"True"
32275,"True"
32277,"True"
32278,"False"
32279,"False"
32282,"False"
32284,"False"
32286,"False"
32287,"False"
32288,"True"
32290,"True"
32292,"True"
32293,"True"
32294,"False"
32297,"False"
32299,"False"
32301,"False"
32302,"False"
32303,"True"
32305,"True"
32308,"True"
32309,"True"
32311,"True"
32312,"False"
32316,"False"
32318,"False"
32321,"False"
32323,"True"
32324,"True"
32326,"False"
32328,"True"
32329,"True"
32330,"False"
32333,"False"
32335,"True"
32337,"False"
32338,"False"
32339,"True"
32343,"True"
32346,"True"
32348,"True"
32349,"True"
32350,"True"
32356,"False"
32358,"False"
32359,"False"
32360,"True"
32361,"False"
32363,"True"
32372,"True"
32373,"False"
32378,"True"
32379,"True"
32381,"True"
32382,"True"
32385,"True"
32386,"False"
32388,"True"
32390,"True"
32391,"False"
32392,"False"
32396,"False"
32397,"False"
32398,"True"
32400,"True"
32402,"True"
32403,"True"
32404,"False"
32407,"False"
32409,"False"
32411,"False"
32412,"False"
32413,"True"
32414,"True"
32416,"True"
32417,"False"
32420,"True"
32421,"False"
32423,"True"
32425,"True"
32426,"True"
32427,"True"
32429,"False"
32431,"True"
32433,"True"
32435,"True"
32437,"True"
32438,"True"
32439,"False"
32442,"False"
32444,"False"
32446,"False"
32447,"False"
32448,"True"
32450,"False"
32452,"True"
32453,"False"
32454,"False"
32457,"False"
32459,"False"
32461,"False"
32462,"False"
32463,"True"
32465,"True"
32468,"True"
32469,"True"
32471,"True"
32472,"True"
32476,"True"
32478,"False"
32481,"False"
32482,"False"
32484,"True"
32486,"True"
32487,"False"
32490,"True"
32492,"True"
32493,"True"
32494,"False"
32496,"False"
32498,"False"
32499,"False"
32500,"True"
32502,"True"
32504,"True"
32506,"False"
32509,"False"
32511,"False"
32513,"False"
32515,"True"
32517,"True"
32518,"False"
32519,"False"
32523,"False"
32524,"False"
32525,"True"
32527,"True"
32528,"True"
32529,"False"
32533,"False"
32534,"False"
32535,"True"
32537,"True"
32539,"True"
32540,"True"
32541,"False"
32544,"False"
32546,"False"
32548,"False"
32549,"False"
32550,"True"
32552,"True"
32554,"True"
32555,"True"
32556,"False"
32559,"False"
32561,"False"
32563,"False"
32564,"False"
32565,"True"
32568,"True"
32572,"True"
32574,"True"
32577,"True"
32579,"True"
32580,"True"
32581,"False"
32586,"False"
32589,"False"
32593,"False"
32597,"False"
32599,"False"
32600,"False"
32601,"True"
32604,"True"
32607,"True"
32609,"True"
32611,"True"
32612,"True"
32613,"False"
32617,"False"
32620,"False"
32623,"False"
32625,"False"
32627,"False"
32628,"False"
32629,"True"
32631,"False"
32632,"False"
32633,"True"
32637,"True"
32638,"False"
32639,"True"
32641,"True"
32643,"True"
32644,"True"
32645,"False"
32648,"False"
32650,"False"
32652,"False"
32653,"False"
32654,"True"
32656,"True"
32658,"True"
32659,"True"
32660,"True"
32663,"False"
32665,"False"
32667,"False"
32668,"False"
32669,"True"
32670,"False"
32672,"True"
32675,"True"
32678,"True"
32680,"True"
32682,"True"
32683,"False"
32684,"False"
32688,"False"
32691,"False"
32694,"False"
32696,"False"
32698,"False"
32699,"False"
32700,"True"
32701,"False"
32702,"False"
32704,"False"
32705,"False"
32706,"True"
32708,"True"
32709,"True"
32710,"False"
32712,"False"
32714,"False"
32715,"False"
32716,"True"
32717,"True"
32721,"True"
32724,"True"
32726,"True"
32727,"False"
32732,"False"
32736,"False"
32737,"True"
32739,"True"
32740,"False"
32743,"True"
32746,"True"
32749,"True"
32751,"True"
32753,"True"
32754,"True"
32755,"False"
32759,"False"
32762,"False"
32765,"False"
32767,"False"
32769,"False"
32770,"False"
32771,"True"
32773,"True"
32774,"True"
32775,"False"
32777,"False"
32779,"True"
32780,"False"
32781,"True"
32784,"True"
32788,"True"
32790,"True"
32793,"True"
32794,"True"
32796,"True"
32797,"False"
32802,"False"
32805,"False"
32809,"False"
32811,"False"
32814,"True"
32815,"False"
32817,"True"
32820,"True"
32823,"True"
32825,"True"
32827,"True"
32828,"True"
32829,"False"
32833,"False"
32836,"False"
32839,"False"
32841,"False"
32843,"False"
32844,"False"
32845,"True"
32846,"False"
32848,"True"
32850,"True"
32851,"False"
32854,"True"
32856,"True"
32858,"True"
32859,"True"
32860,"False"
32863,"True"
32865,"True"
32867,"False"
32868,"False"
32869,"True"
32872,"True"
32874,"True"
32875,"False"
32876,"False"
32880,"False"
32882,"False"
32883,"False"
32884,"True"
32885,"True"
32886,"False"
32888,"False"
32889,"False"
32890,"True"
32891,"False"
32893,"True"
32896,"True"
32899,"True"
32901,"True"
32903,"True"
32904,"True"
32905,"True"
32909,"False"
32912,"False"
32915,"False"
32917,"False"
32919,"False"
32920,"False"
32921,"True"
32923,"True"
32924,"False"
32927,"True"
32928,"False"
32929,"False"
32930,"True"
32933,"True"
32936,"True"
32938,"True"
32940,"True"
32941,"True"
32942,"False"
32946,"False"
32949,"False"
32952,"False"
32954,"False"
32956,"False"
32957,"False"
32958,"True"
32961,"True"
32964,"True"
32966,"True"
32968,"True"
32969,"True"
32970,"False"
32974,"False"
32977,"False"
32980,"False"
32982,"False"
32984,"False"
32985,"False"
32986,"False"
32989,"False"
32991,"True"
32992,"True"
32993,"False"
32997,"False"
32999,"False"
33001,"True"
33004,"False"
33005,"True"
33007,"True"
33008,"False"
33010,"False"
33013,"True"
33015,"False"
33016,"True"
33020,"True"
33024,"True"
33027,"True"
33030,"True"
33032,"True"
33034,"True"
33036,"False"
33041,"False"
33045,"False"
33049,"False"
33052,"False"
33055,"False"
33057,"False"
33059,"False"
33061,"True"
33063,"True"
33065,"True"
33066,"True"
33067,"False"
33070,"False"
33072,"False"
33074,"False"
33075,"False"
33076,"True"
33080,"True"
33084,"True"
33087,"True"
33090,"True"
33092,"True"
33094,"True"
33095,"True"
33096,"False"
33101,"False"
33105,"False"
33109,"False"
33112,"False"
33115,"False"
33117,"False"
33119,"False"
33120,"False"
33121,"True"
33123,"True"
33125,"True"
33126,"True"
33127,"True"
33130,"False"
33132,"False"
33134,"True"
33135,"False"
33136,"True"
33139,"True"
33142,"True"
33144,"True"
33146,"True"
33147,"True"
33148,"False"
33152,"False"
33155,"False"
33158,"False"
33160,"False"
33162,"False"
33163,"False"
33164,"True"
33167,"True"
33169,"False"
33170,"True"
33171,"False"
33175,"False"
33177,"False"
33178,"False"
33179,"True"
33182,"True"
33185,"True"
33187,"True"
33189,"False"
33190,"True"
33191,"False"
33195,"False"
33198,"True"
33201,"False"
33203,"False"
33205,"False"
33206,"False"
33207,"True"
33208,"True"
33209,"False"
33211,"True"
33212,"False"
33213,"True"
33215,"False"
33217,"True"
33218,"False"
33219,"False"
33222,"False"
33224,"False"
33226,"False"
33227,"False"
33228,"True"
33230,"True"
33231,"False"
33234,"True"
33238,"True"
33242,"True"
33245,"True"
33248,"True"
33250,"True"
33252,"True"
33253,"True"
33254,"False"
33259,"False"
33263,"False"
33267,"False"
33270,"False"
33273,"False"
33275,"True"
33277,"False"
33278,"False"
33279,"False"
33282,"True"
33285,"False"
33287,"True"
33289,"True"
33290,"True"
33291,"False"
33295,"False"
33298,"False"
33301,"False"
33303,"False"
33305,"False"
33306,"False"
33307,"True"
33310,"True"
33312,"True"
33314,"False"
33315,"True"
33316,"False"
33319,"False"
33322,"False"
33324,"False"
33326,"False"
33327,"False"
33328,"False"
33330,"True"
33332,"True"
33333,"True"
33334,"False"
33337,"False"
33339,"False"
33341,"False"
33342,"True"
33343,"True"
33345,"True"
33347,"True"
33348,"True"
33349,"False"
33352,"False"
33354,"False"
33356,"False"
33357,"False"
33358,"True"
33361,"True"
33364,"True"
33366,"True"
33368,"False"
33369,"True"
33370,"False"
33374,"False"
33377,"False"
33380,"False"
33382,"False"
33384,"False"
33385,"False"
33386,"True"
33389,"True"
33392,"True"
33394,"True"
33396,"True"
33397,"True"
33398,"False"
33402,"False"
33405,"False"
33408,"False"
33410,"False"
33412,"False"
33413,"False"
33414,"True"
33417,"True"
33420,"True"
33422,"True"
33424,"True"
33425,"True"
33426,"True"
33430,"True"
33433,"True"
33436,"True"
33438,"False"
33440,"True"
33441,"True"
33442,"True"
33444,"True"
33446,"True"
33447,"True"
33448,"False"
33451,"False"
33453,"False"
33455,"True"
33456,"False"
33457,"True"
33460,"True"
33463,"True"
33465,"True"
33467,"True"
33468,"True"
33469,"False"
33473,"False"
33476,"False"
33479,"True"
33481,"False"
33483,"False"
33484,"False"
33485,"True"
33489,"True"
33493,"True"
33496,"True"
33499,"True"
33501,"True"
33503,"True"
33504,"True"
33505,"False"
33510,"False"
33514,"False"
33518,"False"
33521,"False"
33524,"False"
33526,"False"
33528,"False"
33529,"False"
33530,"False"
33531,"False"
33532,"False"
33534,"True"
33535,"False"
33536,"False"
33538,"True"
33541,"True"
33543,"True"
33544,"False"
33545,"False"
33549,"False"
33553,"False"
33555,"False"
33556,"False"
33557,"True"
33560,"False"
33562,"True"
33563,"False"
33567,"False"
33569,"False"
33570,"True"
33573,"True"
33576,"True"
33578,"True"
33580,"True"
33581,"True"
33582,"False"
33586,"False"
33589,"False"
33592,"False"
33594,"False"
33596,"False"
33597,"False"
33598,"True"
33600,"False"
33601,"False"
33603,"False"
33604,"True"
33607,"True"
33610,"True"
33612,"True"
33614,"True"
33615,"True"
33616,"False"
33620,"False"
33623,"False"
33626,"False"
33628,"True"
33630,"False"
33631,"False"
33632,"True"
33634,"False"
33635,"True"
33636,"False"
33638,"False"
33640,"False"
33641,"False"
33642,"True"
33643,"True"
33644,"False"
33646,"False"
33647,"False"
33648,"True"
33651,"True"
33654,"True"
33656,"True"
33658,"True"
33659,"True"
33660,"False"
33664,"False"
33667,"False"
33670,"False"
33672,"False"
33674,"False"
33675,"True"
33676,"True"
33679,"True"
33681,"True"
33683,"True"
33684,"False"
33685,"False"
33691,"False"
33693,"False"
33695,"False"
33696,"False"
33697,"False"
33701,"False"
33705,"False"
33708,"True"
33711,"True"
33713,"True"
33715,"True"
33716,"True"
33717,"False"
33722,"False"
33726,"False"
33730,"False"
33733,"False"
33736,"False"
33738,"False"
33740,"False"
33741,"False"
33742,"False"
33744,"False"
33746,"True"
33747,"True"
33748,"False"
33751,"False"
33753,"False"
33755,"False"
33756,"False"
33757,"True"
33759,"False"
33761,"True"
33762,"True"
33763,"False"
33766,"False"
33768,"False"
33770,"False"
33771,"False"
33772,"True"
33773,"True"
33775,"True"
33776,"False"
33779,"False"
33780,"False"
33782,"True"
33783,"True"
33786,"True"
33788,"True"
33789,"False"
33793,"False"
33796,"False"
33797,"True"
33799,"True"
33801,"True"
33802,"True"
33803,"False"
33806,"False"
33808,"False"
33810,"True"
33811,"True"
33812,"True"
33814,"True"
33816,"True"
33817,"True"
33818,"False"
33821,"False"
33823,"False"
33825,"False"
33826,"False"
33827,"True"
33830,"True"
33833,"True"
33835,"True"
33837,"False"
33838,"True"
33839,"False"
33843,"False"
33846,"False"
33849,"False"
33851,"False"
33853,"False"
33854,"False"
33855,"True"
33858,"True"
33862,"True"
33864,"True"
33867,"True"
33869,"True"
33870,"True"
33871,"False"
33876,"False"
33879,"False"
33883,"False"
33887,"False"
33889,"False"
33890,"False"
33891,"True"
33893,"True"
33895,"True"
33896,"True"
33897,"False"
33900,"False"
33902,"False"
33904,"False"
33905,"False"
33906,"True"
33909,"True"
33911,"True"
33913,"True"
33914,"True"
33915,"False"
33918,"False"
33921,"False"
33923,"False"
33925,"True"
33927,"True"
33930,"True"
33932,"True"
33933,"True"
33934,"False"
33940,"False"
33941,"False"
33942,"True"
33946,"True"
33950,"True"
33953,"True"
33956,"True"
33958,"True"
33960,"True"
33961,"True"
33962,"False"
33967,"False"
33971,"False"
33975,"False"
33978,"False"
33981,"False"
33983,"False"
33985,"False"
33986,"False"
33987,"True"
33988,"False"
33990,"True"
33993,"True"
33996,"True"
33998,"False"
34000,"True"
34001,"True"
34002,"True"
34006,"False"
34009,"False"
34012,"False"
34014,"False"
34016,"False"
34017,"False"
34018,"True"
34019,"True"
34022,"True"
34024,"True"
34025,"False"
34029,"False"
34032,"False"
34033,"True"
34035,"True"
34036,"True"
34037,"False"
34041,"False"
34042,"False"
34043,"True"
34047,"True"
34050,"True"
34052,"True"
34054,"True"
34055,"True"
34056,"False"
34065,"False"
34067,"False"
34069,"False"
34070,"False"
34071,"True"
34074,"True"
34076,"True"
34078,"True"
34079,"True"
34080,"True"
34083,"True"
34086,"True"
34088,"False"
34090,"True"
34091,"False"
34092,"True"
34094,"True"
34095,"False"
34097,"True"
34098,"True"
34100,"True"
34101,"False"
34102,"False"
34104,"True"
34108,"True"
34112,"True"
34115,"True"
34118,"True"
34120,"True"
34122,"True"
34123,"True"
34124,"False"
34129,"False"
34133,"False"
34137,"False"
34140,"False"
34143,"False"
34145,"False"
34147,"False"
34148,"False"
34149,"True"
34151,"True"
34152,"True"
34153,"False"
34155,"False"
34157,"True"
34158,"False"
34159,"True"
34162,"False"
34165,"True"
34167,"True"
34169,"True"
34170,"True"
34171,"True"
34175,"False"
34178,"False"
34181,"True"
34183,"False"
34185,"False"
34186,"True"
34187,"True"
34188,"True"
34189,"False"
34191,"False"
34192,"False"
34193,"True"
34194,"True"
34196,"True"
34197,"True"
34200,"False"
34201,"True"
34203,"True"
34206,"True"
34209,"True"
34211,"True"
34213,"True"
34214,"True"
34215,"False"
34219,"False"
34222,"False"
34225,"False"
34227,"False"
34229,"False"
34230,"False"
34231,"True"
34233,"True"
34234,"True"
34235,"True"
34237,"False"
34239,"False"
34241,"True"
34243,"True"
34244,"True"
34245,"False"
34249,"False"
34250,"False"
34251,"True"
34254,"True"
34257,"True"
34259,"True"
34261,"True"
34262,"True"
34263,"False"
34267,"False"
34270,"False"
34273,"False"
34275,"False"
34277,"False"
34278,"False"
34279,"True"
34281,"True"
34282,"False"
34284,"False"
34285,"True"
34287,"True"
34289,"True"
34290,"False"
34291,"False"
34294,"False"
34296,"False"
34298,"False"
34299,"False"
34300,"True"
34302,"True"
34304,"True"
34305,"True"
34306,"False"
34309,"False"
34311,"False"
34313,"False"
34314,"False"
34315,"True"
34318,"True"
34320,"True"
34321,"True"
34322,"False"
34328,"False"
34329,"False"
